Frame,0_x,0_y,0_z,1_x,1_y,1_z,2_x,2_y,2_z,3_x,3_y,3_z,4_x,4_y,4_z,5_x,5_y,5_z,6_x,6_y,6_z,7_x,7_y,7_z,8_x,8_y,8_z,9_x,9_y,9_z,10_x,10_y,10_z,11_x,11_y,11_z,12_x,12_y,12_z,13_x,13_y,13_z,14_x,14_y,14_z,15_x,15_y,15_z,16_x,16_y,16_z,17_x,17_y,17_z,18_x,18_y,18_z,19_x,19_y,19_z,20_x,20_y,20_z,21_x,21_y,21_z,22_x,22_y,22_z,23_x,23_y,23_z,24_x,24_y,24_z,25_x,25_y,25_z,26_x,26_y,26_z,27_x,27_y,27_z,28_x,28_y,28_z,29_x,29_y,29_z,30_x,30_y,30_z,31_x,31_y,31_z,32_x,32_y,32_z
1,969.4092,218.3974,-101.2135,979.1361,201.8049,-64.7311,984.3158,201.6014,-64.7621,989.2973,201.5811,-64.8132,962.5558,203.1829,-63.9291,957.2101,203.5749,-63.9208,952.1591,204.1947,-63.9207,996.7253,209.5222,130.9457,944.7768,211.2469,136.8437,982.0327,232.0081,-27.2197,959.9763,231.6656,-26.2408,1049.0191,306.7898,185.2983,898.4136,299.869,161.5532,1072.4534,412.7089,-75.2012,851.8197,398.5216,-76.8973,985.298,322.5521,-348.2219,958.5508,330.4322,-316.1617,971.8026,281.468,-418.5257,969.4274,300.771,-384.6615,975.1838,278.711,-389.3558,968.099,295.4636,-357.9955,978.7244,289.1611,-344.5254,967.0277,304.5667,-311.5083,1010.8952,538.0973,4.5661,917.4728,538.5463,-4.4723,1061.9155,738.2241,-37.4834,882.3709,740.4005,-55.6124,1105.0938,925.7938,151.4659,847.1675,926.2065,143.8068,1091.384,955.9094,157.8856,856.0303,954.4919,150.5962,1134.9996,983.6044,-83.714,819.2228,980.5235,-93.6545
2,969.3749,216.5302,-111.4617,979.0517,200.2525,-74.389,984.2653,200.1215,-74.424,989.2688,200.1904,-74.4765,962.4662,201.6483,-73.0595,957.1619,202.1415,-73.0437,952.1285,202.8618,-73.0304,996.7812,208.3804,122.3034,944.7518,210.1983,130.5771,982.039,230.0232,-37.3462,959.957,229.9388,-35.6519,1049.3427,306.7375,177.4493,898.2107,299.8356,159.936,1072.8403,412.6741,-76.5057,851.9576,398.5402,-76.9105,984.741,322.3587,-344.1613,959.0348,329.8813,-316.9746,971.4648,281.4606,-413.5496,969.666,300.4031,-386.0166,974.6404,278.7306,-384.5964,968.1504,294.9047,-359.0925,978.0196,289.1954,-340.1941,967.0914,304.2276,-312.3025,1011.2012,538.0745,4.1771,917.4822,538.4626,-4.0802,1061.5552,738.2258,-30.8872,882.4642,740.3926,-46.3935,1105.0438,925.5536,167.9541,847.1409,926.0182,159.8108,1091.4379,955.3515,175.3177,856.0128,954.5153,167.0996,1132.9603,983.5513,-68.7456,819.0769,980.0862,-79.3808
3,969.3312,215.4424,-115.2877,978.9727,199.3079,-78.0854,984.2167,199.2158,-78.1211,989.2411,199.3327,-78.1739,962.3792,200.7136,-76.6645,957.1117,201.2576,-76.647,952.0932,202.0288,-76.6309,996.8222,207.6503,118.8935,944.7278,209.5122,127.6558,982.0406,228.8774,-41.1285,959.9308,228.9156,-39.3167,1049.5638,306.7004,174.3923,898.0496,299.8072,158.6985,1073.1231,412.6434,-77.3545,852.069,398.5511,-76.9717,984.3591,322.2179,-342.4573,959.3653,329.5113,-317.556,971.2063,281.4578,-411.5842,969.831,300.1639,-386.8779,974.2561,278.7538,-382.654,968.1855,294.5517,-359.8351,977.5429,289.2303,-338.3897,967.1372,304.0025,-312.8706,1011.4153,538.0543,3.9743,917.49,538.3971,-3.8759,1061.2907,738.2294,-27.7649,882.5291,740.3886,-43.1147,1105.0037,925.3558,173.0855,847.1138,925.8922,164.4177,1091.4656,954.9848,180.5879,855.9872,954.5324,171.7951,1131.8822,983.4882,-63.738,818.9853,979.801,-75.0531
4,969.3034,214.7829,-116.6075,978.9151,198.7227,-79.3799,984.1792,198.6473,-79.4156,989.2177,198.7859,-79.4684,962.3212,200.1347,-77.9738,957.0789,200.7041,-77.9566,952.0721,201.5018,-77.9407,996.8496,207.165,117.7123,944.7128,209.065,126.4587,982.0434,228.1798,-42.411,959.9154,228.2775,-40.6188,1049.725,306.6749,173.3769,897.9368,299.7889,158.0513,1073.3123,412.6216,-77.6531,852.1644,398.5614,-76.9793,984.068,322.0986,-341.2074,959.608,329.2414,-317.7568,970.994,281.4505,-410.258,969.9532,299.9704,-387.1867,973.9643,278.7652,-381.3001,968.2137,294.2783,-360.1277,977.1952,289.2493,-337.0945,967.1746,303.8188,-313.0748,1011.5806,538.0368,3.85,917.4991,538.3416,-3.7507,1061.0882,738.2304,-26.808,882.5891,740.3849,-42.0922,1104.9691,925.2278,173.9882,847.0826,925.7971,165.5346,1091.4804,954.7631,181.4543,855.9465,954.5407,172.9068,1131.2512,983.4461,-63.081,818.9442,979.5818,-74.1194
5,969.2833,214.4057,-117.769,978.8742,198.3798,-80.5521,984.1524,198.3113,-80.588,989.2006,198.4595,-80.6406,962.2787,199.7892,-79.1592,957.0545,200.367,-79.1421,952.0571,201.1725,-79.1265,996.8738,206.8523,116.6219,944.7024,208.763,125.332,982.0474,227.7852,-43.5352,959.9042,227.9058,-41.76,1049.8412,306.6577,172.4553,897.8479,299.7749,157.3374,1073.4401,412.6067,-78.1138,852.2437,398.5754,-77.0591,983.8483,322.0183,-340.9361,959.7958,329.0528,-318.1466,970.8377,281.4487,-410.0146,970.0515,299.8324,-387.7033,973.756,278.7812,-381.0593,968.2381,294.0875,-360.6395,976.9502,289.2722,-336.8274,967.2087,303.6883,-313.4736,1011.7053,538.024,3.7525,917.5073,538.3032,-3.6528,1060.9513,738.2313,-25.9403,882.6358,740.3825,-41.4181,1104.9419,925.1058,175.0529,847.0521,925.7218,166.4364,1091.4892,954.5477,182.5395,855.8992,954.5422,173.8403,1130.7914,983.3619,-62.1803,818.9347,979.4174,-73.3533
6,969.2718,214.4269,-116.8037,978.8713,198.3906,-79.6398,984.1501,198.3276,-79.6748,989.2003,198.4748,-79.7276,962.2757,199.8106,-78.4841,957.055,200.3906,-78.4687,952.0716,201.188,-78.4562,996.9692,206.8597,117.1964,944.7458,208.7694,125.5495,982.0731,227.7988,-42.5188,959.9023,227.9302,-40.9054,1050.1307,306.7206,171.6515,897.8451,300.141,157.8824,1073.3326,412.7904,-78.9166,852.9763,398.8919,-75.575,983.5954,321.964,-340.3253,960.0945,329.2313,-317.9338,970.696,281.5379,-409.1962,970.3726,300.5821,-387.596,973.6287,278.9021,-380.6542,968.3526,294.5644,-360.5372,976.7948,289.3295,-336.3546,967.3099,304.0259,-313.3213,1011.9006,538.0795,3.4271,917.5956,538.312,-3.3305,1060.7834,738.2592,-25.3855,882.7368,740.4524,-40.5345,1104.9379,925.0103,175.3255,847.0319,925.6094,166.8654,1091.5813,954.2341,182.854,855.8242,954.5275,174.3127,1130.5408,983.3137,-60.9079,818.9064,979.2401,-71.9588
7,969.2628,214.4583,-116.7085,978.8684,198.4101,-79.5534,984.1479,198.3453,-79.5876,989.1996,198.4891,-79.6412,962.2729,199.8257,-78.0137,957.0568,200.4026,-77.9965,952.0865,201.2001,-77.9809,997.0355,206.8631,117.711,944.788,208.7758,126.1869,982.0925,227.8323,-42.0445,959.9006,227.9571,-40.7929,1050.3238,306.7635,171.7457,897.8427,300.4188,158.6722,1073.2514,412.9173,-78.9478,853.4344,399.1098,-74.0196,983.4134,321.9118,-338.7529,960.2945,329.3649,-317.0544,970.5925,281.5992,-407.385,970.5878,301.067,-386.7843,973.5338,278.9898,-379.1244,968.4321,294.894,-359.7533,976.6832,289.3738,-334.8624,967.3818,304.2726,-312.5204,1012.0474,538.1121,3.2424,917.6819,538.3147,-3.1482,1060.6702,738.2737,-25.2213,882.8327,740.4917,-40.306,1104.9355,924.9304,175.2219,847.0081,925.5059,166.8631,1091.6615,954.0089,182.7596,855.7404,954.5024,174.3248,1130.4294,983.2608,-60.5411,818.889,979.0536,-71.5645
8,969.2482,214.4869,-115.5021,978.8632,198.4286,-78.3757,984.1459,198.3602,-78.4107,989.1982,198.5001,-78.4631,962.2706,199.8424,-76.4428,957.0567,200.4165,-76.425,952.0955,201.2126,-76.4078,997.0857,206.8632,117.7817,944.8258,208.7809,127.7104,982.1032,227.8658,-41.4901,959.8968,227.9778,-39.6936,1050.4662,306.7978,172.1073,897.8411,300.6174,159.8581,1073.1849,413.0085,-78.8254,853.7411,399.2654,-72.2789,983.2779,321.8776,-337.0622,960.4304,329.5109,-315.6163,970.4954,281.6629,-405.5818,970.7442,301.5221,-385.3319,973.4442,279.0771,-377.4164,968.4941,295.2383,-358.3722,976.5867,289.4244,-333.2071,967.4349,304.5391,-311.1486,1012.1379,538.1252,3.1385,917.7414,538.3134,-3.0462,1060.581,738.2809,-25.3963,882.9113,740.5019,-40.4975,1104.9319,924.8639,174.5,846.9707,925.4242,166.2077,1091.6968,953.8698,181.9852,855.6155,954.4769,173.629,1130.3746,983.22,-61.2127,818.8827,978.9313,-72.1905
9,969.236,214.5112,-114.5244,978.8587,198.4448,-77.4256,984.1439,198.3726,-77.461,989.1971,198.5091,-77.5128,962.2683,199.8579,-75.2648,957.0566,200.4296,-75.2467,952.1029,201.2239,-75.229,997.1269,206.8624,117.9113,944.8559,208.785,128.7922,982.113,227.8949,-40.9684,959.8936,227.9944,-38.8027,1050.5771,306.824,172.3671,897.84,300.7694,160.608,1073.1294,413.08,-78.6706,853.9708,399.3872,-71.3273,983.1713,321.8473,-335.9177,960.5285,329.6102,-314.6854,970.414,281.71,-404.3919,970.8529,301.8063,-384.358,973.3743,279.1419,-376.2582,968.5412,295.4632,-357.4515,976.5129,289.4612,-332.0797,967.4752,304.7132,-310.2521,1012.2076,538.1336,3.0759,917.7894,538.312,-2.9849,1060.5153,738.2826,-25.5304,882.9785,740.5074,-40.6723,1104.9292,924.8019,174.0568,846.9428,925.3638,165.731,1091.7285,953.7471,181.5187,855.527,954.4555,173.1251,1130.3308,983.1746,-61.5985,818.8791,978.8399,-72.673
10,969.3687,214.7571,-109.9046,978.966,198.7118,-72.9797,984.2492,198.6036,-73.0161,989.2868,198.724,-73.0678,962.3666,200.0983,-70.8225,957.1625,200.6531,-70.8043,952.2493,201.4088,-70.787,997.277,206.962,121.214,944.9114,208.8733,132.3841,982.3353,228.1644,-36.8043,959.9878,228.1405,-34.4404,1050.7676,306.904,174.0363,897.8427,300.9914,163.6402,1073.1101,413.24,-75.8853,854.1601,399.6267,-67.2758,983.03,321.8445,-332.1391,960.5568,329.8574,-309.712,970.3001,282.242,-400.6981,970.9267,302.4649,-379.0444,973.2627,279.5159,-372.7101,968.5616,295.9026,-352.5175,976.3863,289.6468,-328.3553,967.4813,305.0371,-305.385,1012.2754,538.1312,3.0592,917.8572,538.281,-2.9685,1060.4257,738.2166,-25.8096,883.0314,740.5084,-40.8121,1104.9267,924.7338,173.1057,846.9239,925.2205,165.2215,1091.7675,953.6148,180.5499,855.4342,954.3445,172.5598,1130.2998,983.1325,-62.2059,818.8832,978.7294,-73.1367
11,969.4654,214.9659,-107.5586,979.0446,198.928,-70.7252,984.3268,198.792,-70.7619,989.3532,198.8991,-70.8138,962.4361,200.2948,-68.6231,957.2373,200.8357,-68.6053,952.3516,201.5612,-68.5886,997.3837,207.0426,123.0321,944.9478,208.9453,134.1766,982.4968,228.389,-34.6117,960.0555,228.2698,-32.2033,1050.9084,306.9612,175.1776,897.8439,301.1519,165.1959,1073.0952,413.3661,-74.02,854.3013,399.8093,-65.1765,982.93,321.8435,-330.034,960.5857,330.0368,-307.022,970.2193,282.6323,-398.6646,970.9902,302.8746,-376.1993,973.1853,279.8039,-370.7457,968.5799,296.1866,-349.8552,976.2983,289.7923,-326.2869,967.4879,305.2538,-302.7366,1012.3329,538.1282,3.0463,917.9176,538.2556,-2.9558,1060.3547,738.145,-26.1239,883.0661,740.5111,-40.8663,1104.9242,924.6789,172.2197,846.9013,925.131,164.5905,1091.8086,953.5113,179.638,855.3412,954.2707,171.8716,1130.2702,983.0909,-62.955,818.8886,978.655,-73.819
12,969.542,215.1287,-106.4649,979.1068,199.0953,-69.6675,984.389,198.9389,-69.7045,989.4069,199.0363,-69.7563,962.4914,200.448,-67.614,957.2967,200.9788,-67.5966,952.4319,201.6821,-67.5804,997.4712,207.1101,123.9658,944.9783,209.0048,135.0299,982.6219,228.5613,-33.5558,960.1102,228.3743,-31.1454,1051.0207,307.005,175.7935,897.8448,301.2885,165.8117,1073.0818,413.4548,-73.2813,854.4131,399.9387,-64.6431,982.8375,321.8426,-329.4431,960.6184,330.1562,-306.2996,970.1427,282.9155,-398.1374,971.0529,303.1217,-375.431,973.1121,280.0218,-370.2082,968.6022,296.3688,-349.1307,976.2183,289.9069,-325.7033,967.4987,305.3958,-302.0197,1012.3821,538.1264,3.042,917.9637,538.2368,-2.9516,1060.3077,738.0959,-26.3607,883.0935,740.5128,-40.9014,1104.9218,924.6316,171.5576,846.8762,925.0591,164.0364,1091.8364,953.4349,178.9492,855.2457,954.2114,171.2714,1130.259,983.056,-63.5513,818.8974,978.5937,-74.4563
13,969.5912,215.2584,-105.5957,979.1478,199.2252,-68.8187,984.4319,199.0533,-68.8557,989.4458,199.1437,-68.9075,962.5261,200.57,-66.8051,957.3357,201.0936,-66.7879,952.4858,201.7809,-66.7722,997.5439,207.1668,124.759,945.0007,209.056,135.7361,982.7114,228.6999,-32.7024,960.1475,228.4633,-30.3001,1051.1074,307.0491,176.4057,897.8467,301.3897,166.2975,1073.0684,413.5253,-72.6536,854.4981,400.0356,-64.2447,982.7687,321.8416,-328.9159,960.6474,330.2512,-305.7936,970.0818,283.1306,-397.6519,971.1107,303.3164,-374.8924,973.0524,280.1912,-369.6904,968.6266,296.5198,-348.6314,976.1557,290.003,-325.1718,967.5118,305.5142,-301.5221,1012.4223,538.1258,3.037,918.0017,538.2229,-2.9466,1060.2674,738.0585,-26.6825,883.1212,740.5169,-41.0425,1104.9195,924.6048,170.7535,846.8536,925.0069,163.4119,1091.8597,953.3938,178.1037,855.1647,954.1691,170.6058,1130.2494,983.0301,-64.3983,818.908,978.5518,-75.1722
14,969.5951,215.7237,-105.6057,979.1759,199.6307,-68.8304,984.4696,199.4374,-68.8669,989.4854,199.5287,-68.9182,962.5306,200.873,-66.7761,957.3423,201.3465,-66.7595,952.5007,201.9776,-66.7449,997.6617,207.3376,124.2821,945.0997,209.1315,136.8415,982.7549,229.2038,-32.7122,960.1944,228.831,-30.0891,1051.4997,307.1398,175.2587,897.9896,301.4048,166.4679,1073.0711,413.524,-79.3431,854.4762,399.8964,-64.6869,982.5634,321.7068,-335.399,961.1223,330.1176,-306.0931,969.9498,283.1278,-403.7174,972.0138,303.0305,-375.2087,973.0131,280.1823,-375.8484,969.5428,296.064,-348.9048,976.0987,290.0008,-331.6669,968.2567,305.2146,-301.855,1012.443,538.1864,2.6565,917.9863,538.2026,-2.564,1060.6353,738.1119,-28.0506,882.8918,740.5152,-41.2207,1104.9162,924.5962,169.6563,846.7015,924.9963,162.7434,1091.8541,953.3883,177.0129,855.0229,954.2128,169.7828,1130.0909,983.0221,-66.2024,818.8671,978.543,-76.4237
15,969.6046,216.0452,-105.5423,979.2097,199.9149,-68.8496,984.5123,199.7097,-68.8858,989.5285,199.8007,-68.9369,962.5405,201.0869,-66.6353,957.3541,201.5261,-66.6194,952.5216,202.1175,-66.606,997.7652,207.4609,124.1027,945.182,209.1866,137.8002,982.7997,229.5524,-32.7065,960.2376,229.085,-29.7757,1051.7687,307.1934,174.6857,898.0797,301.4077,166.8919,1073.075,413.5263,-81.6827,854.4567,399.7997,-64.9069,982.4302,321.6151,-337.5772,961.408,330.0548,-306.3803,969.8668,283.1134,-405.7228,972.5337,302.8747,-375.5096,972.987,280.1669,-377.9374,970.0583,295.8067,-348.9374,976.0565,289.9976,-333.8581,968.6775,305.0421,-302.0728,1012.4615,538.2209,2.2959,917.9747,538.1783,-2.2016,1060.8853,738.1485,-28.8637,882.7528,740.5057,-41.3571,1104.9132,924.5886,169.1545,846.6043,924.9895,162.4507,1091.8549,953.379,176.5355,854.9572,954.2321,169.4105,1129.9735,983.0157,-66.956,818.8237,978.5284,-76.9565
16,969.6243,216.2572,-105.5245,979.2491,200.1124,-68.8681,984.5597,199.9002,-68.9042,989.5751,199.9903,-68.9553,962.5528,201.2424,-66.5768,957.367,201.6619,-66.5613,952.5414,202.229,-66.5485,997.8643,207.5528,123.9216,945.2416,209.2376,138.3033,982.8612,229.7911,-32.7127,960.2836,229.2656,-29.6126,1051.9709,307.2256,174.248,898.1497,301.4108,167.2133,1073.0803,413.5287,-82.8868,854.437,399.7316,-65.1286,982.3306,321.5647,-338.9378,961.5894,330.0258,-306.5869,969.7871,283.1098,-407.0419,972.8629,302.8057,-375.728,972.9535,280.1647,-379.3028,970.386,295.6819,-348.9681,976.0134,290.0003,-335.2269,968.9505,304.9567,-302.2239,1012.4734,538.247,2.0068,917.9607,538.1583,-1.9112,1061.0611,738.1839,-29.3581,882.6506,740.4928,-41.4604,1104.9102,924.5827,168.9566,846.5323,924.982,162.3107,1091.8567,953.3615,176.3619,854.9228,954.2608,169.2282,1129.8933,983.0099,-67.2692,818.7617,978.5182,-77.2187
17,969.6611,216.4419,-105.4993,979.2986,200.2806,-68.8842,984.6152,200.062,-68.9202,989.6273,200.1497,-68.9712,962.5737,201.3779,-66.5282,957.3864,201.7813,-66.5129,952.5669,202.3287,-66.5005,997.9517,207.6348,123.7982,945.2817,209.287,138.5865,982.9328,230.003,-32.7131,960.3357,229.4363,-29.4765,1052.1112,307.24,173.9377,898.2018,301.4136,167.4907,1073.0853,413.5265,-83.3753,854.4252,399.6842,-65.3207,982.2292,321.5363,-339.4436,961.6994,329.9895,-306.7359,969.7096,283.1065,-407.5293,973.0371,302.6795,-375.8897,972.9101,280.1617,-379.8112,970.5527,295.514,-348.9898,975.9573,290.0017,-335.7303,969.0967,304.8375,-302.3276,1012.486,538.2654,1.7602,917.9509,538.139,-1.6631,1061.1843,738.2095,-29.6819,882.5824,740.4789,-41.5208,1104.9065,924.5764,168.8078,846.4848,924.977,162.2367,1091.8589,953.3483,176.2326,854.905,954.2813,169.1817,1129.8118,983.0024,-67.4614,818.6955,978.5054,-77.2377
18,969.4311,218.5221,-126.0769,979.0708,203.2281,-89.8356,984.4683,203.024,-89.86,989.5578,203.1373,-89.9097,962.408,204.2147,-85.3012,957.2446,204.5876,-85.2841,952.3917,205.2301,-85.273,997.956,210.0801,102.492,945.2625,211.9402,125.8664,982.6735,231.8612,-54.2537,960.0835,231.207,-48.1867,1052.3511,310.0738,153.6299,898.1697,304.5126,156.7807,1074.5007,417.382,-109.1385,854.5371,402.7359,-79.9881,983.7346,322.6518,-380.1268,962.3281,331.5432,-327.6464,972.5755,284.2962,-450.1783,973.8988,303.5131,-397.966,974.5705,281.0938,-422.6213,971.1745,296.8359,-369.8796,977.3878,291.0327,-377.0219,969.5896,306.3999,-323.2924,1013.3882,541.1359,-0.1699,918.2307,539.1803,0.2387,1073.8886,739.7056,-68.5722,877.1427,740.4815,-83.5395,1104.9012,924.5715,140.1989,846.4397,924.8836,139.7931,1091.4275,953.4282,148.7358,855.201,954.3546,149.6185,1129.8143,983.0353,-94.2648,818.6925,978.4983,-86.2199
19,969.0355,219.3301,-136.5648,978.5498,204.402,-99.3403,984.0263,204.1531,-99.3683,989.2442,204.2564,-99.4228,962.0952,205.3981,-95.2462,956.9699,205.7606,-95.226,952.0531,206.4396,-95.2098,997.871,211.225,96.3886,945.1184,213.2424,117.5858,982.1607,232.568,-63.8185,959.7813,231.8879,-58.3739,1052.3926,311.9562,148.4304,898.1595,306.5869,147.0468,1075.26,418.9861,-115.786,854.7706,404.1693,-96.6306,984.2215,323.2983,-388.6001,962.9984,331.6504,-348.7267,973.7571,284.8936,-459.4488,974.4627,303.3656,-420.1199,975.207,281.8064,-430.8835,971.5369,296.8231,-391.6195,977.8514,291.7601,-385.2259,969.9239,306.3978,-344.3684,1013.8812,542.5932,-0.3212,918.4808,539.8882,0.3863,1077.8524,740.6345,-72.9691,874.9824,740.4818,-89.4153,1104.8449,924.5654,138.7114,846.3793,924.7713,138.2888,1090.2501,953.488,147.4921,855.2563,954.3959,148.5284,1130.1384,983.1104,-94.9363,818.925,978.4917,-86.8396
20,968.0216,219.4229,-130.9279,977.6832,204.6287,-93.9502,983.2139,204.3565,-93.9798,988.5655,204.4443,-94.0325,961.712,205.6706,-90.6127,956.6782,206.0216,-90.5934,951.7838,206.7001,-90.5761,997.6099,211.4959,99.5457,945.1215,213.7614,119.1557,980.7857,232.5634,-58.2771,958.9634,231.8817,-53.3847,1052.4073,313.0006,149.515,898.1747,307.5822,149.6727,1075.4337,419.806,-112.6286,854.9452,404.8574,-91.4259,984.3021,323.547,-378.6352,963.318,331.9803,-341.288,974.0029,285.1523,-448.1376,975.0429,303.3903,-412.535,975.4095,282.0645,-419.6109,971.91,296.8958,-385.2883,977.9806,291.9683,-375.003,970.1883,306.4971,-336.8633,1014.2162,543.298,-0.7866,918.6502,540.2679,0.8403,1079.1307,741.0771,-75.2653,874.0502,740.4501,-89.0317,1104.7592,924.5505,132.1716,846.2583,924.6496,135.0925,1089.2402,953.5041,140.6782,855.3002,954.4455,145.2228,1130.1881,983.1075,-100.5669,819.096,978.4822,-88.0935
21,970.4289,286.5702,-310.2517,980.2359,270.4653,-275.0253,985.5884,269.6713,-275.0789,990.4555,268.6561,-275.1549,963.3877,271.4141,-270.0454,957.1883,271.1779,-270.0546,952.2209,271.0181,-270.06,1000.7111,270.6296,-69.958,945.1798,273.424,-45.1474,983.3774,298.9173,-233.2763,961.1896,299.1841,-226.5188,1054.0891,364.0308,25.341,899.3134,357.72,36.7383,1076.3668,474.9339,-216.5257,857.4958,459.2409,-206.6764,989.8309,383.7963,-533.0623,963.2073,390.5347,-523.7677,979.0408,349.5615,-601.4161,974.3413,360.5789,-592.8908,978.1141,346.3349,-566.9327,971.601,355.2177,-565.835,981.3318,354.2904,-526.0024,970.1911,364.0855,-519.9478,1014.3004,577.6787,-2.4345,919.419,572.8464,2.4625,1101.0244,744.378,-335.5255,850.6721,746.2443,-338.8273,1104.6467,924.2544,-71.4566,845.5604,924.4469,-45.9591,1085.4251,953.5332,-58.0546,856.3535,954.4053,-28.5532,1130.7417,983.1047,-293.9137,816.2176,978.4774,-249.911
22,973.6168,295.8437,-285.7208,983.8423,280.441,-248.6736,988.4489,279.5719,-248.7421,993.1878,278.6595,-248.8458,966.5594,280.8695,-245.2677,959.5136,280.2872,-245.2768,954.0573,279.8851,-245.2753,1003.0678,279.9177,-41.4597,946.5634,280.6693,-24.9774,985.6892,308.8853,-208.3945,963.9993,309.6497,-204.1478,1054.6686,372.3897,48.299,899.7878,362.7526,56.1472,1077.7594,483.571,-194.1176,860.3616,463.3934,-184.5684,994.0494,394.3588,-508.5541,963.0754,395.0628,-500.276,984.8677,361.344,-576.5479,975.0964,365.3941,-569.065,984.5582,354.4866,-543.4784,972.4826,358.5459,-542.8956,986.3501,366.5591,-502.4114,970.7537,369.4487,-496.8637,1014.5008,584.3318,-3.9087,919.6692,578.1091,3.95,1107.5665,744.98,-324.2483,843.9333,747.6627,-363.3938,1104.6942,924.2332,-82.1195,845.1259,924.4339,-77.8771,1083.5471,953.653,-70.6282,857.2997,954.9047,-60.9359,1134.1195,983.0249,-299.5826,815.3794,978.802,-279.4294
23,974.0975,299.1024,-324.9309,984.3914,284.0057,-290.0314,989.2589,283.2739,-290.1018,993.7134,282.6137,-290.231,966.9352,283.0665,-285.6712,960.122,281.8826,-285.6946,954.8288,281.1751,-285.7015,1003.3181,282.2463,-84.4275,947.648,280.7449,-62.7678,986.1432,311.0034,-247.4729,964.4767,312.0938,-241.7352,1054.6861,371.2079,15.5297,900.6427,364.0788,26.2383,1080.7244,484.4008,-233.2987,860.6585,464.3706,-224.6442,995.5008,399.9205,-554.204,963.2257,401.4481,-556.4133,984.1825,362.6921,-624.3228,975.8441,372.807,-629.3059,983.9449,356.5333,-591.9111,972.7179,363.2142,-601.8708,986.3511,369.6487,-548.879,971.0655,375.4323,-552.9703,1014.789,585.6394,-5.7403,919.6738,579.6571,5.7855,1109.3167,745.2859,-320.0146,841.3,748.8728,-356.9526,1104.8166,924.3032,-76.6426,844.0083,924.5385,-70.8742,1083.512,954.3546,-64.9835,857.5338,955.0602,-53.7076,1134.7675,983.0228,-296.3234,812.5872,978.8019,-272.6505
24,974.0512,298.1349,-307.7093,984.3225,284.0124,-273.0531,989.4383,283.3184,-273.1169,993.7669,282.3482,-273.2358,966.87,283.5802,-268.5779,960.2439,282.7024,-268.5924,955.027,281.7252,-268.5881,1003.399,282.0855,-70.0465,947.8233,281.2543,-48.4534,986.197,310.3835,-231.3012,964.3567,311.4657,-225.5634,1054.6761,371.4487,24.6201,900.7311,362.927,36.3044,1081.1248,483.3903,-217.9911,861.2038,464.2899,-211.7818,995.1432,398.3275,-530.8898,963.9664,402.9493,-534.5013,983.3298,362.4537,-601.1554,977.0651,373.965,-606.6331,983.5288,357.7455,-571.9088,973.1291,364.7151,-579.5182,985.8566,368.7391,-526.7876,971.8299,376.3235,-530.8988,1014.9286,585.9619,-6.7098,919.6712,580.7844,6.748,1108.9223,745.2582,-312.3802,839.9289,750.0205,-342.3654,1104.8142,924.5474,-72.4889,843.379,924.9602,-63.9444,1082.8767,955.06,-60.7421,857.8523,955.4561,-47.3206,1136.0584,983.0828,-288.3321,811.2415,979.0112,-262.8484
25,974.7713,341.6879,-346.4616,984.3796,325.8547,-313.7989,989.4975,324.3906,-313.8336,993.8224,323.2257,-313.9467,967.0342,326.6568,-308.2163,960.547,325.7292,-308.2672,955.409,324.9909,-308.2685,1003.5592,324.7206,-116.2534,948.4706,327.3536,-88.4367,987.1189,354.7514,-271.2596,966.0909,355.0345,-263.8445,1056.0519,412.3296,-9.6468,902.2833,407.1082,9.5065,1081.3282,524.7339,-220.1266,865.2486,508.6577,-210.34,997.4478,437.1443,-498.126,964.2388,438.7597,-503.8872,987.4901,398.7306,-562.8323,976.7955,403.6078,-566.07,987.0427,394.8879,-534.8554,973.117,398.6868,-537.8083,988.1625,406.1056,-491.0397,971.8413,409.7886,-498.8615,1015.0033,610.5558,-7.4001,920.1995,604.5505,7.4359,1116.1323,749.8876,-347.6495,830.8485,756.0067,-374.2531,1104.6299,924.7216,-60.2385,842.5361,925.5607,-66.0852,1081.5055,955.063,-43.5018,858.1464,955.6953,-46.2013,1136.1531,983.0097,-261.6455,810.2283,980.0192,-256.6869
26,975.7542,346.0751,-486.076,985.6107,330.0528,-453.9601,990.4731,329.2887,-454.0235,994.9523,328.4007,-454.1913,967.7264,329.8509,-449.2738,961.1629,328.9408,-449.3372,955.8697,328.0155,-449.3271,1004.6603,329.3073,-244.6007,949.4019,328.6276,-220.5401,987.7769,359.0296,-405.5997,966.6197,361.0688,-399.2051,1056.5044,415.5177,-120.2301,903.2237,408.6467,-102.949,1081.3275,531.9775,-397.0892,865.5555,516.8418,-374.029,1000.1649,444.2925,-751.7333,962.7254,448.0607,-737.2275,990.6729,409.6501,-823.7716,976.4341,413.5018,-813.5086,989.7336,402.6849,-789.2357,972.9096,407.0726,-782.0445,990.6794,414.8875,-745.5239,971.4811,418.7669,-733.2839,1014.9639,614.8474,-7.278,920.0202,607.3117,7.3136,1118.1865,750.1623,-371.7702,830.3828,756.8706,-434.8653,1104.6264,924.9361,-97.3889,842.0883,925.7447,-124.0497,1081.515,955.1464,-82.829,858.1924,955.5328,-104.6291,1136.86,982.5622,-312.1199,809.8569,980.1732,-329.2448
27,976.1817,342.7582,-522.6817,986.2011,327.2579,-489.5528,991.2956,326.3729,-489.6251,995.5761,325.6834,-489.7959,968.1005,326.9481,-485.8294,961.702,326.085,-485.8898,956.2802,325.434,-485.8832,1005.5442,326.6224,-275.9449,949.8818,326.6683,-256.3049,988.1724,356.4557,-441.0095,966.5544,358.1144,-435.8223,1056.6027,416.4968,-152.0498,903.6186,409.7444,-137.3771,1081.2601,532.1735,-444.9383,866.0233,515.4795,-422.8528,1000.7238,450.2917,-825.6991,963.8155,450.5026,-805.445,990.3223,416.3523,-903.8785,977.4517,419.9988,-887.0165,989.5026,408.4853,-871.2116,973.7493,411.1004,-856.4492,990.9028,421.1796,-821.3539,972.4186,423.2999,-802.535,1014.6875,615.9141,-7.1691,918.9821,608.4873,7.2041,1117.9714,751.8358,-351.1874,830.6784,758.7153,-426.764,1104.3047,926.0,-82.1913,841.8735,926.1625,-107.3228,1080.7815,956.2202,-69.2734,858.3142,955.5225,-88.0512,1137.5392,982.4036,-304.8344,809.4502,980.4158,-315.4221
28,976.3285,342.3136,-491.6095,986.2667,326.5871,-458.8411,991.5611,325.6928,-458.913,995.6569,324.8345,-459.0819,968.3469,326.583,-455.2247,962.2662,325.9245,-455.2774,956.77,325.3662,-455.2633,1005.6129,325.5367,-247.1181,950.4995,326.5713,-228.5789,988.4581,355.2951,-410.5411,966.7663,356.3037,-405.6923,1056.6123,417.2669,-124.3029,904.0652,410.1643,-111.0804,1081.628,532.6837,-399.7133,866.0275,515.2474,-383.9114,1000.523,450.0239,-764.7119,964.3736,450.3622,-751.9207,989.4033,415.7616,-840.2319,977.5548,420.2991,-830.0595,988.8112,408.9855,-809.1169,973.7408,410.8392,-801.5395,990.4581,420.6125,-760.4522,972.5027,422.179,-749.2718,1014.576,615.1978,-6.8783,918.7381,608.7459,6.913,1117.3124,751.7161,-347.2041,830.3668,760.553,-415.6159,1104.173,926.262,-88.7005,841.7883,926.6567,-108.0074,1080.7272,956.4539,-76.3222,858.4179,955.6829,-89.4382,1138.1494,982.5987,-309.0201,809.3006,980.4838,-314.8316
29,976.9926,409.0578,-694.169,986.566,391.503,-663.3766,991.668,390.345,-663.431,995.9211,389.1438,-663.6081,968.8543,391.966,-659.1687,962.7134,391.3725,-659.2969,957.4524,390.7988,-659.3478,1005.8976,390.3075,-442.8781,950.866,391.51,-418.8147,988.6435,422.2024,-607.7718,967.5916,424.9693,-601.3185,1056.8473,476.8853,-284.8697,904.4732,468.4801,-282.1755,1082.8439,591.7283,-583.9207,867.647,571.1511,-577.2049,1000.887,511.4155,-978.7542,966.5079,511.5821,-947.2951,990.4415,477.5728,-1056.6782,979.7607,481.7912,-1027.6487,989.3753,470.7833,-1021.5294,975.2816,471.013,-990.9326,990.9758,485.0586,-973.3389,973.9346,485.8366,-941.0614,1014.5047,655.2545,-5.7938,918.8791,650.0338,5.8407,1120.3582,760.0559,-471.3964,824.0115,765.6825,-525.9459,1104.1808,926.8721,-156.6578,841.8264,927.2345,-185.7111,1080.8202,956.8159,-139.2731,858.926,956.3325,-164.3632,1139.2091,984.3329,-386.127,809.2732,981.1632,-407.8449
30,976.9647,411.1721,-660.8253,986.5843,394.3801,-627.6184,991.7928,394.0246,-627.6621,996.0392,393.408,-627.8184,968.8153,394.2674,-623.181,962.6983,393.7761,-623.2868,957.4433,393.2044,-623.2883,1005.8421,395.1109,-414.6447,951.2508,395.8232,-390.1349,988.6622,425.7721,-579.512,967.5347,426.4239,-573.0571,1056.8533,480.8874,-292.9541,905.1591,474.4749,-270.6754,1082.416,593.1402,-616.7733,867.4357,577.5268,-595.4613,1000.531,506.2159,-986.7043,966.4837,513.1269,-972.1306,990.893,473.2862,-1063.5139,977.6373,479.5462,-1053.7475,990.5715,467.2622,-1022.1955,973.8074,472.7182,-1011.0986,991.6624,477.9863,-978.4457,973.2167,483.7399,-964.6613,1014.5052,664.0928,-6.1351,919.0364,656.781,6.1658,1121.6087,760.969,-505.9116,820.9862,766.397,-549.7366,1104.1596,927.0386,-212.018,841.8194,927.0196,-225.4387,1081.8808,956.4183,-197.0316,858.9237,954.7913,-206.2569,1139.0639,983.9994,-448.0192,809.0478,980.5528,-447.5841
31,977.707,412.6537,-765.306,987.4294,396.7853,-731.132,992.6007,395.9271,-731.1904,996.6386,395.1464,-731.3686,969.6931,396.6634,-727.6928,963.6726,395.9554,-727.799,958.0917,395.2946,-727.7884,1006.0384,394.902,-505.9628,951.8575,396.1317,-487.5638,989.104,426.6555,-679.658,967.7803,428.0758,-674.9886,1056.9881,482.954,-368.598,905.1343,476.2097,-350.0731,1082.3789,598.3434,-713.612,867.8967,583.7076,-694.1418,1000.7942,512.4177,-1100.1466,966.454,514.9673,-1093.2931,990.8758,480.3283,-1179.1465,977.7214,483.4492,-1177.5783,990.5842,473.2297,-1135.988,973.8113,475.4108,-1132.0259,991.8514,484.2839,-1091.6277,973.2114,486.9174,-1084.8649,1013.3432,665.7266,-5.6251,918.8208,657.322,5.657,1122.0575,761.1035,-520.1823,820.0085,765.6574,-588.6032,1103.5887,927.763,-244.9785,841.7982,927.0712,-269.0089,1081.906,956.4244,-233.8079,858.9448,954.6315,-252.1805,1139.2783,983.9625,-497.6412,808.7862,980.4093,-507.5684
32,978.7638,410.4321,-803.2019,988.2035,395.0434,-768.2798,993.4221,393.8597,-768.3249,997.4316,392.7035,-768.5148,970.5525,395.3046,-766.0438,964.7175,394.441,-766.1539,958.9701,393.5679,-766.1567,1006.4842,392.5954,-539.4464,952.7045,394.7684,-527.023,989.9501,423.0847,-716.2351,968.7986,423.2563,-713.2968,1057.0283,483.0889,-396.4395,905.084,475.7838,-383.3987,1082.1791,599.564,-736.1984,867.7504,582.5013,-729.3716,1000.71,511.2524,-1114.3965,968.2055,514.585,-1123.0927,990.5705,478.5189,-1191.1689,978.4408,483.1848,-1205.4646,990.379,472.8131,-1146.6216,974.0862,475.1627,-1160.1018,991.7218,483.1274,-1105.0956,973.8645,486.8927,-1114.6896,1012.8795,663.9099,-4.4444,918.6773,656.6626,4.455,1121.858,761.6373,-499.4491,819.5766,765.2997,-564.5258,1102.8585,928.35,-202.5226,841.902,927.0769,-227.1821,1081.9704,956.3338,-189.3757,859.2753,954.6405,-209.0925,1139.268,983.8351,-448.8186,808.3717,980.327,-461.1567
33,978.3625,455.0816,-816.5401,987.813,438.468,-781.8622,993.1249,437.7592,-781.882,997.1682,436.8625,-782.0351,969.788,438.3336,-776.3984,964.0271,437.4882,-776.5382,958.1807,436.47,-776.5386,1006.1871,437.4499,-554.4613,952.6199,438.6131,-526.5318,989.7142,468.3488,-730.3586,968.3228,467.7163,-722.8475,1056.9556,519.6355,-416.2917,904.9589,511.8294,-385.4385,1082.1465,633.7986,-768.9367,867.7086,614.8861,-742.9265,1000.1732,547.2734,-1144.2914,967.7922,551.8333,-1130.1715,990.4716,513.2137,-1221.3559,977.1626,519.0738,-1211.7287,990.2395,508.9641,-1172.4493,972.6554,513.4618,-1158.008,991.5543,517.8122,-1133.1673,973.1422,522.86,-1117.6904,1013.6853,692.2439,-5.6302,919.7248,686.8654,5.5895,1123.3143,764.3499,-610.1424,816.4205,768.2607,-628.7038,1102.4914,928.4821,-248.046,842.0735,927.1786,-260.5504,1082.1986,955.1015,-227.6432,859.9825,954.4888,-239.038,1138.1883,983.6474,-489.2299,808.3948,980.4209,-496.3538
34,978.3068,454.4353,-686.165,987.9242,438.0535,-652.0539,993.2544,437.3698,-652.0949,997.3355,436.7464,-652.249,969.7877,438.264,-647.7284,963.9967,437.4389,-647.8273,958.1739,436.7784,-647.8285,1006.3521,437.0727,-434.0032,952.692,437.7466,-412.0027,989.6875,468.8198,-602.8711,968.2583,470.1873,-597.0334,1057.071,525.0874,-308.5046,905.1235,516.3265,-288.2002,1080.3849,641.2786,-624.699,867.9708,622.4828,-606.012,1000.3159,551.963,-985.6802,966.8401,556.7626,-975.132,991.0083,520.7421,-1060.6879,975.9424,523.9595,-1054.1481,991.0141,513.285,-1019.4174,972.3949,517.0023,-1011.3234,992.1957,523.6575,-977.2644,972.766,527.9274,-966.8562,1012.2456,696.8595,-5.6097,919.6569,690.0323,5.5654,1123.0516,764.692,-552.7619,816.1156,769.9563,-587.2466,1102.3534,929.0186,-257.5308,842.2384,927.831,-274.5711,1082.7984,955.0224,-242.097,860.0557,954.8992,-256.833,1137.5598,983.6354,-491.9847,808.3686,980.3681,-501.2159
35,978.5299,454.9606,-831.029,988.032,439.7885,-795.8163,993.3883,438.6067,-795.864,997.4868,437.2607,-796.0435,970.0505,439.9259,-793.2714,964.2794,438.8742,-793.3958,958.5322,437.9104,-793.3939,1006.4112,436.0916,-565.9506,952.9825,438.5466,-552.5582,989.8027,467.6384,-744.016,968.4342,467.9726,-740.8142,1057.0845,525.8375,-422.9474,905.1062,516.4935,-402.2975,1080.5357,644.2189,-768.1874,867.8935,625.4522,-747.8539,1000.2748,554.3249,-1144.8879,966.5376,557.9879,-1142.4622,991.0387,522.6467,-1220.5942,975.9343,526.027,-1223.0462,991.6188,516.6276,-1177.5528,972.4044,518.8468,-1176.2377,992.5578,526.3764,-1135.7248,972.7542,530.1574,-1133.0468,1011.1847,696.2117,-5.3632,919.4405,689.1617,5.3234,1123.3217,765.4783,-565.8963,816.3373,770.1434,-609.9641,1102.3428,929.8752,-244.8505,842.3479,927.9703,-264.5572,1083.044,955.0791,-229.3659,860.0487,954.7972,-246.0582,1136.6131,983.516,-492.4473,808.749,980.3661,-502.7275
36,978.9281,453.8735,-751.869,988.4062,439.0739,-717.2661,993.7336,437.8564,-717.3298,997.8226,436.6541,-717.5153,970.5803,438.8514,-715.42,964.883,437.6308,-715.5216,959.0823,436.5244,-715.5206,1006.5459,436.2017,-494.7611,953.2659,438.2511,-484.0533,990.0191,465.8794,-667.3612,968.7139,465.0653,-664.9528,1056.9751,525.0485,-362.0553,905.0874,516.0094,-348.3548,1080.539,644.8336,-691.6359,867.8434,624.8077,-677.7971,1000.2312,554.2589,-1063.2664,966.5168,557.6466,-1059.6537,990.9036,523.1338,-1139.2197,975.9128,524.7247,-1139.0197,991.509,517.1178,-1098.1523,972.3801,517.6815,-1097.6937,992.4724,526.8313,-1055.0333,972.7499,529.2999,-1052.4581,1009.5637,696.5595,-4.7381,918.6923,689.9421,4.7411,1123.5412,766.0542,-545.4811,815.9825,770.7321,-596.5117,1101.9295,930.8193,-243.1186,842.4437,928.1553,-267.2534,1083.0499,955.6895,-228.6011,860.108,954.7888,-249.386,1136.5307,983.444,-484.2135,808.8219,980.3133,-499.711
37,978.9475,507.216,-802.4907,988.2941,491.2742,-768.3443,993.5315,489.9886,-768.3746,997.714,488.6171,-768.5308,970.5608,491.4658,-765.5799,964.8589,490.3951,-765.7127,959.0716,489.2784,-765.7056,1006.4222,488.021,-540.9221,953.1857,490.1485,-525.5263,990.0087,520.711,-715.5328,969.0717,520.7908,-711.6466,1056.9624,571.0994,-405.0296,904.704,562.9692,-383.6866,1080.3773,690.5283,-741.3864,865.7187,672.7906,-725.8723,999.741,604.1363,-1101.8794,967.0398,605.9087,-1087.5507,990.1472,569.4442,-1174.2121,977.5043,572.2531,-1161.0982,991.3043,563.7212,-1127.5715,973.4023,563.904,-1107.7733,992.2166,574.79,-1091.0005,973.7432,578.0844,-1073.5471,1012.1039,738.2476,-5.793,921.4487,733.0545,5.8047,1124.6117,768.9471,-656.2015,816.8341,771.0248,-669.557,1101.8746,930.9502,-298.1866,842.5954,928.7851,-306.9854,1083.1737,955.6904,-275.9752,860.0269,954.79,-283.8765,1135.6438,981.8125,-527.8538,809.2859,980.3762,-530.7137
38,978.7303,507.3734,-667.7991,988.2524,491.2806,-631.9901,993.5076,490.7768,-632.0455,997.6854,489.9828,-632.1796,970.2626,491.0838,-629.1522,964.2594,490.1715,-629.2474,958.7928,489.5583,-629.2488,1006.3577,490.7279,-427.005,952.9862,490.335,-412.2023,989.8277,521.8875,-591.9836,968.6726,522.5537,-588.3584,1056.5975,576.5477,-338.0589,904.7233,567.2509,-309.8163,1076.9827,690.8935,-662.1169,865.9633,673.3201,-642.0502,999.7071,601.0263,-993.1963,963.4872,608.6598,-992.9213,990.4274,570.5496,-1063.3955,973.9722,574.4593,-1064.8282,991.4959,563.4969,-1018.7017,971.2405,567.5047,-1019.8025,992.2634,573.2071,-982.5932,971.6628,578.3079,-983.3327,1012.0405,741.4129,-5.7427,921.9293,736.4642,5.768,1125.0712,769.7793,-616.179,817.272,771.6491,-648.9575,1101.6703,930.2807,-318.9557,842.6082,929.6239,-336.7474,1083.4212,954.7607,-302.5134,859.9886,954.7752,-318.304,1135.1917,981.0877,-548.5058,808.6279,978.9312,-563.1801
39,978.7119,507.9607,-716.0296,988.2278,492.9012,-678.3775,993.4876,492.0417,-678.4587,997.6678,490.8599,-678.6151,970.2541,492.4893,-676.9316,964.2049,491.3964,-677.0156,958.7866,490.4731,-677.0077,1006.3478,490.2435,-458.2213,952.8945,491.2826,-449.7194,989.7676,522.0025,-634.3549,968.4511,521.8865,-632.5973,1056.487,577.1699,-344.9421,904.6249,566.3864,-326.1653,1076.5742,694.7083,-680.9315,866.4641,676.0489,-658.5955,999.576,603.32,-1046.381,963.2393,608.6799,-1028.8798,990.3787,572.2031,-1120.7754,973.8678,573.7929,-1104.1183,991.5813,565.7909,-1077.8682,971.0443,566.9877,-1060.7356,992.2758,575.2126,-1037.1814,971.3768,578.2414,-1020.2121,1011.6312,740.2364,-5.05,921.9154,735.1519,5.1056,1125.8101,770.3679,-620.0454,817.3845,772.1428,-657.3734,1101.6259,930.7666,-335.8152,842.6987,929.7369,-351.5065,1083.5226,954.946,-321.459,860.0252,954.6884,-334.6431,1135.0596,981.0672,-574.6548,808.3436,978.5618,-585.4294
40,978.6977,508.1949,-697.0013,988.2089,493.6199,-659.7413,993.4711,492.472,-659.8398,997.6531,491.2717,-660.0047,970.2437,493.1852,-659.1692,964.1967,491.8739,-659.2447,958.8138,490.7532,-659.2372,1006.3416,490.4328,-440.6658,952.9227,491.6127,-437.9646,989.7386,520.5626,-615.5392,968.4392,520.2214,-615.4155,1056.2775,575.0855,-328.3113,904.6144,565.7561,-317.3735,1076.6808,694.2215,-663.4426,866.5382,677.0021,-636.2137,999.5314,605.6457,-1037.5481,963.3234,608.9286,-1000.8651,990.3306,574.2374,-1109.9214,973.9625,575.4404,-1074.6812,991.5221,567.8843,-1066.7883,971.0747,568.4014,-1035.4048,992.2499,577.2847,-1027.9417,971.3919,579.9765,-993.6946,1011.583,740.8248,-4.581,922.2119,735.086,4.6728,1126.5967,771.214,-603.6769,817.6182,772.4853,-650.3149,1101.3483,930.7902,-321.4211,842.8003,929.6228,-344.144,1083.5201,954.9483,-306.8338,859.9803,953.6971,-326.6327,1134.6224,981.0712,-555.2662,808.3812,977.7088,-572.5278
41,978.4806,529.9732,-653.0752,987.8489,513.0647,-616.1849,993.1581,512.4654,-616.2473,997.2857,511.7698,-616.3827,969.6514,512.4324,-614.884,963.4248,511.5991,-614.9498,958.3696,511.0045,-614.9401,1005.8313,511.9594,-404.7743,952.4202,511.9241,-397.2571,989.5444,544.0456,-574.9549,968.3287,544.7967,-573.405,1055.6274,595.442,-305.5292,904.6232,586.796,-291.4598,1076.1094,713.0526,-637.7394,866.4733,692.0961,-619.2223,999.4128,621.2154,-990.459,961.9826,627.6454,-969.998,990.3236,590.4493,-1061.6338,971.2307,593.1393,-1042.3644,991.4882,582.9445,-1016.5664,969.1423,586.1038,-999.5992,992.2347,592.5657,-980.2642,969.7133,596.5138,-961.4606,1011.8513,759.4862,-4.5611,924.2203,754.1657,4.6535,1126.4062,771.1574,-615.4859,818.4135,772.574,-653.0886,1101.3482,930.4891,-347.4556,842.8918,929.6309,-360.5972,1083.6445,954.9416,-333.0777,859.8257,953.6045,-343.2598,1134.613,981.1072,-577.7198,808.5816,977.6363,-583.803
42,978.2902,530.3585,-682.4606,987.7087,514.6846,-643.1392,993.0563,513.7742,-643.2353,997.1758,512.5447,-643.3978,969.573,514.5296,-643.4492,963.3309,513.6471,-643.5094,958.3519,513.1534,-643.5106,1005.708,511.7748,-425.5782,952.4166,513.653,-424.0348,989.3779,543.8037,-602.5234,968.0742,544.4598,-602.5782,1055.7385,597.8587,-322.5969,904.5921,587.1037,-311.555,1076.0591,719.2497,-666.6739,866.6187,696.0457,-646.7886,999.5397,624.7777,-1035.6179,961.7281,630.818,-1008.0103,990.671,593.6225,-1109.7875,971.5191,594.8713,-1081.8562,991.8376,587.1713,-1065.9217,969.1941,588.1826,-1038.2271,992.608,596.8784,-1026.4213,969.688,599.5729,-999.2078,1011.8327,760.2774,-4.0929,924.4724,754.9606,4.2019,1126.2353,771.9247,-627.9255,818.7234,772.6783,-666.0106,1101.3281,930.426,-338.6448,843.0622,929.376,-357.0269,1083.5928,955.1535,-322.4832,859.565,952.0425,-338.4774,1134.4758,981.1165,-569.2347,809.4785,977.3841,-583.7143
43,978.2647,531.3118,-690.9828,987.6985,516.4219,-651.8464,993.0425,515.3898,-651.9542,997.1634,514.1506,-652.129,969.5695,516.2081,-652.8687,963.3291,515.1763,-652.9314,958.3583,514.2029,-652.936,1005.6741,513.1921,-428.4239,952.4121,514.5765,-430.9285,989.2752,544.4799,-608.6545,967.8865,544.2854,-609.552,1055.5996,596.8515,-322.3171,904.4855,586.2729,-312.4288,1076.0809,720.5659,-663.4416,866.5872,697.3677,-645.0947,999.5262,626.2554,-1036.7592,961.7861,630.2949,-1008.6433,990.7822,593.9215,-1111.7826,971.6673,594.5483,-1083.1563,992.0898,588.0064,-1068.5777,969.2612,588.4157,-1040.6593,992.8035,597.3952,-1027.8029,969.725,600.1468,-1000.2093,1011.8208,761.4021,-3.6885,924.8444,755.9196,3.8123,1126.2103,772.1276,-621.2183,819.1564,772.5516,-673.7823,1101.391,930.424,-336.3515,843.3714,929.3895,-364.3756,1083.5963,955.9818,-320.4436,859.563,952.0564,-345.6512,1135.5493,981.1218,-565.0963,809.7199,977.4247,-590.4657
44,978.232,531.6916,-684.1302,987.6669,516.8206,-646.442,993.0105,515.593,-646.5353,997.1305,514.267,-646.7089,969.5665,516.6609,-646.5159,963.3348,515.4842,-646.586,958.3676,514.3326,-646.5932,1005.625,513.3629,-425.2568,952.4406,514.738,-423.8722,989.1963,544.0534,-601.601,967.8655,543.8848,-601.7243,1055.5982,596.8864,-312.4654,904.4753,586.2904,-306.1791,1076.1179,720.3376,-650.1156,866.4079,698.5066,-635.0447,999.529,627.9344,-1026.3286,962.2682,629.9962,-990.6584,990.7768,595.367,-1100.5822,971.9165,595.9542,-1063.8593,992.2141,589.5398,-1057.6634,969.5833,589.2239,-1023.2454,992.9441,599.1842,-1017.391,969.9502,600.7563,-982.8325,1011.8247,761.7932,-3.5403,925.1935,756.2229,3.6733,1126.5121,772.3414,-616.2869,819.5243,772.2952,-669.4163,1101.5861,930.4175,-330.652,843.6201,929.3862,-360.1643,1083.6755,956.0462,-314.4247,859.6097,952.0842,-341.1776,1135.6384,981.346,-557.6633,809.676,977.6695,-584.8413
45,977.96,551.8301,-654.9693,987.1727,535.2267,-618.503,992.5352,534.4592,-618.5669,996.657,533.6974,-618.7136,968.8585,534.9809,-618.1696,962.5524,534.2206,-618.2261,957.7986,533.5759,-618.2294,1004.879,533.4163,-404.5767,951.8287,533.9095,-401.3836,989.0141,565.2461,-575.1924,967.7383,566.4983,-574.7841,1054.9998,614.8407,-300.3861,904.4727,606.2957,-299.7191,1076.1258,736.3674,-643.1071,865.9143,714.8252,-633.1606,999.514,643.3515,-1016.0693,962.1728,650.4575,-973.5637,991.1789,612.1377,-1089.6621,971.1602,616.3606,-1044.6775,992.3385,604.8943,-1043.1095,968.6641,608.9487,-1000.9971,993.0169,614.5306,-1005.958,969.2583,619.3226,-963.7939,1012.5642,779.6909,-2.5601,926.3678,775.742,2.6587,1126.4505,771.0837,-616.94,820.147,770.7328,-659.1492,1101.5993,930.5992,-345.3818,843.7543,928.5053,-353.018,1083.5345,957.0486,-329.3248,859.62,951.4131,-333.3179,1136.1383,982.3208,-566.4907,809.676,977.8221,-570.6247
46,977.9419,553.9145,-664.1255,987.1668,537.9714,-628.9311,992.531,537.0259,-628.9878,996.632,535.9959,-629.1343,968.8589,537.9012,-625.7175,962.5496,537.0533,-625.806,957.767,536.4084,-625.794,1004.8238,534.3201,-413.3618,951.6167,536.2395,-408.9362,988.9613,567.3829,-584.2148,967.3961,568.3208,-579.0862,1054.9784,616.5086,-303.7339,904.0861,607.872,-305.0844,1076.3361,740.9816,-643.3572,865.9676,719.8258,-639.3759,999.5074,645.1775,-1016.3028,962.1698,653.2028,-988.4381,991.2127,614.2646,-1090.338,971.2886,617.7331,-1061.2115,992.3899,607.0233,-1044.6481,968.4373,609.6416,-1018.2014,993.0691,616.4723,-1006.5312,968.9095,620.8421,-979.1956,1012.5397,782.9106,-1.7728,926.2904,778.3467,1.8751,1126.0087,769.2125,-617.7747,820.1773,769.8142,-669.5978,1101.6494,930.3204,-336.7459,843.903,928.5653,-359.7971,1083.7002,956.9897,-320.1449,859.8478,952.0814,-340.0589,1136.1671,982.5188,-559.4292,809.6967,977.9301,-580.1536
47,977.4696,552.5175,-638.8846,986.7186,537.3024,-602.1393,992.1886,536.2144,-602.219,996.3533,534.936,-602.3745,968.5716,537.3066,-602.8839,962.2783,536.4673,-602.9506,957.6653,535.7223,-602.9712,1004.6099,533.7712,-385.6445,951.451,535.961,-388.5877,988.59,565.6956,-557.8485,966.619,566.2161,-558.7533,1054.7583,615.8675,-272.392,904.0986,606.3386,-280.6851,1077.0613,741.3529,-597.1332,866.0354,721.0975,-600.4773,999.5807,648.8267,-962.2191,962.207,654.5202,-941.972,991.5479,617.0608,-1033.5559,971.524,619.3625,-1013.1967,992.7568,610.1806,-990.0926,968.6074,611.8173,-972.2314,993.3586,619.7994,-952.6147,968.9494,623.5324,-933.3408,1012.5382,783.2618,-0.8773,926.3452,779.2301,0.9868,1125.7851,768.1741,-598.1972,820.1962,769.3683,-662.0076,1101.4214,930.1109,-333.4595,843.9017,928.7799,-370.9436,1083.6003,957.1879,-318.0577,859.9528,952.4439,-352.7288,1136.1615,981.971,-554.8031,809.3413,977.9128,-589.5384
48,977.4203,553.2715,-566.0579,986.711,538.2494,-529.9861,992.1808,537.0886,-530.0622,996.3499,535.7908,-530.2037,968.5704,538.2408,-531.413,962.2809,537.2278,-531.4752,957.6647,536.1883,-531.4975,1004.6114,534.8002,-319.6715,951.4324,536.384,-323.8829,988.5011,566.0836,-486.9119,966.5318,566.1884,-488.8731,1054.6099,615.9441,-210.5846,904.0066,606.909,-222.1077,1079.121,742.1555,-521.9356,865.8614,721.6306,-523.0675,999.6759,651.406,-876.1542,962.8542,654.0324,-845.4525,991.7309,619.0648,-942.5453,972.6752,620.0946,-911.2733,992.9578,612.011,-899.3487,969.2085,611.889,-871.9458,993.569,621.7789,-866.0598,969.462,623.6665,-836.6228,1012.4776,784.3241,-0.8129,926.3747,780.1823,0.9261,1125.1365,766.8894,-570.6765,820.2085,768.6218,-647.7609,1101.4158,929.9665,-337.0986,843.8831,928.823,-378.626,1083.5952,957.1595,-323.8089,859.9572,952.7672,-362.0463,1136.3321,982.0165,-553.9334,809.4047,978.032,-592.7216
49,977.2033,553.8328,-589.4859,986.6184,539.1169,-553.9913,992.0807,537.9208,-554.0578,996.2553,536.638,-554.2008,968.496,538.9284,-555.3237,962.2157,537.7046,-555.3887,957.6013,536.4581,-555.4015,1004.4992,535.6721,-342.6485,951.2969,536.5204,-346.0033,988.1987,566.023,-509.6958,966.2775,565.9278,-511.4647,1054.3364,615.8431,-231.0592,903.7978,607.0117,-239.47,1079.8893,741.5942,-547.8652,865.7796,721.4644,-547.9664,999.5121,651.3432,-905.8082,962.987,653.7845,-878.7101,991.4293,619.1269,-974.0977,973.107,620.0721,-946.6665,992.7383,612.348,-930.3061,969.4137,611.8277,-907.0008,993.4529,622.1885,-895.7183,969.5221,623.4087,-870.1717,1012.3971,783.9631,-0.8736,926.424,780.288,0.9892,1124.2912,766.2423,-577.4477,820.5639,768.3229,-645.5975,1101.4873,929.9276,-337.4048,843.8638,928.8421,-374.6157,1083.7608,956.862,-323.5061,859.9409,952.9696,-357.7961,1136.2529,982.0152,-555.0877,809.411,978.3343,-590.5895
50,977.1877,553.724,-566.5381,986.6098,539.1279,-531.5224,992.0507,537.8766,-531.5924,996.2218,536.6231,-531.7328,968.4977,538.9663,-533.6683,962.2261,537.6279,-533.7333,957.593,536.3489,-533.7496,1004.4218,535.6009,-323.611,951.2313,536.3945,-330.9419,988.0855,565.5924,-487.9353,966.2615,565.3048,-490.8582,1054.003,615.4037,-215.0777,903.585,607.1085,-228.5036,1080.1792,740.6849,-526.1429,865.582,721.0933,-531.166,999.2171,650.8404,-877.5648,963.1227,653.5629,-853.7136,990.9011,618.8713,-943.9788,973.1654,619.9602,-920.1245,992.3054,612.2903,-900.4382,969.4334,611.9953,-881.1065,993.2002,622.1749,-867.3933,969.5438,623.4266,-845.1553,1012.3367,784.3001,-0.7781,926.4187,780.5647,0.8974,1123.9727,765.925,-569.8171,821.0551,768.1206,-643.1639,1101.535,929.9605,-334.6126,843.6924,928.7288,-376.5706,1083.8071,956.8676,-320.7043,859.7119,952.9702,-359.937,1136.3293,982.0304,-554.648,809.59,978.5293,-591.1006
51,977.183,553.2292,-559.5568,986.6061,538.7007,-524.5758,992.0293,537.4353,-524.6451,996.1966,536.2274,-524.7822,968.5058,538.5688,-527.1646,962.2546,537.1884,-527.2278,957.5878,535.9518,-527.2422,1004.3622,535.3795,-317.1363,951.1703,536.2344,-326.687,987.9976,564.9722,-481.171,966.2555,564.6038,-484.7405,1053.7641,615.3601,-209.6684,903.3971,607.0859,-224.1572,1080.3938,740.2896,-519.5315,865.316,721.0261,-527.4572,998.9739,651.0233,-871.0399,963.1844,653.4343,-852.6488,990.5608,619.1298,-937.3881,973.2311,619.9168,-919.3493,992.0294,612.4313,-893.8036,969.4764,611.9659,-880.3309,993.0401,622.3753,-860.7576,969.5619,623.2896,-844.1079,1012.3334,784.61,-0.7353,926.4341,780.8699,0.8574,1123.7026,765.8285,-570.3835,821.4324,768.0859,-643.188,1101.5532,930.0414,-335.9843,843.6283,928.612,-378.6357,1083.8869,956.9138,-322.5229,859.6024,952.8934,-362.0522,1136.311,982.1224,-554.1361,809.9848,978.8549,-593.0477
52,976.9595,551.1799,-582.5194,986.4367,536.2761,-547.318,991.8966,535.0621,-547.3821,996.0083,533.8601,-547.5272,968.3661,536.2107,-548.6411,962.1118,534.924,-548.7003,957.444,533.9341,-548.7107,1004.2171,533.1479,-337.4589,951.138,534.7121,-341.2838,987.8336,562.9344,-503.1908,966.0669,562.521,-505.0386,1053.8342,613.133,-228.9953,903.5148,604.4879,-236.1069,1080.7506,739.8503,-548.399,864.7249,718.2464,-548.3686,998.947,647.7973,-905.2291,963.2024,651.61,-881.203,990.5557,615.8995,-973.7051,973.0751,617.2647,-949.1752,992.0115,609.7822,-928.9673,969.432,610.1264,-908.7651,993.0043,619.7319,-894.8371,969.5916,621.5952,-872.5288,1012.5375,782.7407,-1.1038,926.7296,779.2233,1.223,1123.5669,765.9507,-591.1819,821.8238,768.0863,-653.0846,1101.5545,930.1164,-335.2089,843.6163,928.5767,-373.627,1083.891,956.9004,-320.6424,859.5412,952.8968,-356.1186,1135.8403,982.2446,-553.7323,810.1529,979.3587,-589.4558
53,976.8806,550.3489,-577.2838,986.3794,535.4231,-542.0176,991.8387,534.2145,-542.0785,995.9174,533.0075,-542.2215,968.3353,535.3729,-543.3809,962.0898,534.1142,-543.4367,957.3864,533.1974,-543.4455,1004.1448,532.3199,-332.3594,951.1283,534.13,-336.2058,987.7565,562.0262,-497.9796,966.0156,561.5549,-499.8934,1053.852,612.1745,-225.2294,903.6069,603.3467,-231.6919,1080.988,739.594,-546.3593,864.4732,717.1162,-544.8745,998.9329,646.7064,-903.0581,963.2433,650.9387,-876.1938,990.5558,614.8941,-970.7663,973.0709,616.2771,-943.292,992.0096,609.0731,-924.9014,969.4558,609.5424,-902.7319,993.0001,618.9831,-892.0466,969.6072,621.0672,-867.4022,1012.6488,782.0747,-1.3921,926.9003,778.6672,1.5103,1123.5073,766.0875,-594.7138,822.138,768.0865,-656.0388,1101.5557,930.276,-338.0471,843.5999,928.5668,-375.4848,1083.9274,956.8972,-322.9123,859.4629,952.9084,-357.4887,1135.5429,982.4051,-556.9989,810.282,979.6768,-591.6376
54,976.8597,550.0333,-582.6952,986.3643,535.212,-547.3319,991.8159,533.9972,-547.3939,995.8788,532.7931,-547.5382,968.3328,535.1479,-548.9385,962.0905,533.8845,-548.9951,957.3669,532.9656,-549.0038,1004.1123,532.0702,-336.4719,951.1255,533.9203,-341.4371,987.718,561.6478,-502.9211,966.0047,561.1249,-505.1918,1053.8555,611.7219,-228.1156,903.6562,602.8333,-235.1136,1081.1277,739.3332,-549.5698,864.2584,716.7551,-549.9299,998.9288,646.5133,-907.5508,963.2521,650.787,-884.7845,990.5628,614.6251,-975.5719,973.0735,615.9237,-952.7274,992.0112,608.9526,-929.8547,969.4755,609.3999,-912.056,992.9962,618.8916,-896.5838,969.6162,620.9796,-876.0307,1012.7517,781.7891,-1.5207,927.0055,778.473,1.6372,1123.4736,766.2193,-598.2295,822.3422,768.0845,-660.6268,1101.5625,930.3878,-341.5235,843.5834,928.5665,-379.8207,1083.9631,956.8839,-326.2633,859.4131,952.9608,-361.8438,1135.3558,982.4563,-561.8801,810.3758,979.9079,-597.918
55,976.8536,549.7667,-571.4881,986.3603,535.0145,-536.0068,991.8077,533.7914,-536.069,995.861,532.5867,-536.2099,968.3376,534.9548,-537.8299,962.1089,533.6932,-537.8862,957.364,532.761,-537.895,1004.0884,531.88,-325.9396,951.1261,533.7352,-331.954,987.7098,561.3503,-492.0721,966.0071,560.7914,-494.6393,1053.857,611.4267,-219.3212,903.6891,602.6062,-227.4029,1081.2291,738.9371,-538.8911,864.1427,716.5533,-539.901,998.9095,646.3916,-894.5382,963.2744,650.6675,-871.1262,990.5489,614.4487,-961.6736,973.0816,615.7195,-937.9975,991.9954,608.8108,-915.7818,969.4908,609.3271,-897.5739,992.9788,618.7984,-883.3676,969.6352,620.9334,-862.3166,1012.8303,781.7332,-1.6161,927.0735,778.4519,1.7324,1123.4491,766.3137,-596.9622,822.4949,768.0802,-659.4739,1101.5642,930.4727,-343.3822,843.5688,928.5707,-382.0352,1083.9777,956.8652,-328.4412,859.372,953.0378,-364.3482,1135.2894,982.4842,-563.371,810.4633,980.0673,-599.7007
56,976.7603,544.3057,-554.5448,986.1391,528.3087,-520.8777,991.5931,527.2828,-520.935,995.7341,526.1943,-521.0691,968.1816,528.9145,-520.4733,961.9953,528.075,-520.5247,957.3303,527.3536,-520.5256,1003.9652,525.8471,-317.9974,951.2608,528.0044,-312.9126,987.6772,555.769,-477.2861,966.0114,556.5424,-476.5363,1053.835,603.8197,-214.3701,903.7478,597.3063,-212.4673,1079.3613,722.6212,-527.3782,863.7526,706.4324,-514.4488,998.2835,634.6805,-867.8449,963.2707,638.8954,-824.5029,989.6561,602.2739,-934.1371,971.1424,605.6137,-888.6667,990.8564,595.4619,-886.7152,968.1595,599.9266,-847.0076,992.0009,609.0,-855.8616,968.822,611.6403,-814.6537,1013.1054,771.6062,-3.1977,927.0742,767.864,3.3256,1122.5063,767.5638,-598.8518,822.4969,768.2199,-647.3368,1101.5888,930.5273,-345.7836,843.5184,928.5695,-377.3369,1084.215,956.6871,-331.0565,859.2258,953.0542,-360.1059,1135.085,982.4877,-564.8008,810.6306,980.0986,-588.0657
57,976.7563,541.6499,-554.8397,986.1223,525.3834,-521.1348,991.5223,524.5702,-521.1927,995.7034,523.6791,-521.3321,968.1522,526.0114,-521.0002,961.9773,525.2709,-521.056,957.3186,524.6108,-521.0561,1003.8809,523.3928,-317.9251,951.2841,525.7236,-313.7647,987.6704,553.0498,-477.3481,966.0106,554.2177,-476.9385,1053.791,600.7954,-213.9192,903.7037,594.962,-213.7454,1078.4516,719.5934,-528.1272,863.3601,702.3855,-515.8092,998.0235,632.5296,-872.9812,963.2772,635.1636,-827.7299,988.9912,600.963,-939.9077,970.2528,603.1739,-892.1623,990.0467,593.7677,-893.1913,967.3199,597.2903,-851.1702,991.5395,606.6183,-861.4444,968.3265,607.9973,-818.2263,1013.148,768.5782,-3.7533,927.0701,764.6494,3.8925,1121.9941,767.7018,-598.157,822.3948,768.2264,-642.1061,1101.6655,930.3767,-344.6,843.3988,928.553,-370.6631,1084.5092,955.8082,-330.0521,859.1356,952.9992,-353.2298,1134.9696,982.5024,-562.6448,810.7415,980.1009,-580.3531
58,976.7324,540.5089,-548.7789,986.1185,524.1159,-514.3017,991.5126,523.4027,-514.3643,995.6971,522.7374,-514.5078,968.1342,524.7102,-514.4168,961.9611,523.8309,-514.4731,957.2992,523.0754,-514.4739,1003.8774,522.5144,-309.3559,951.2873,524.3606,-306.6195,987.6592,551.8663,-470.79,965.9645,553.0588,-470.8187,1053.7828,599.6256,-206.2785,903.6385,593.7537,-208.0784,1078.0243,719.5448,-521.1654,863.0138,700.9888,-509.019,997.9433,631.686,-868.5702,963.1953,633.8829,-819.3677,988.5655,600.2067,-935.5536,969.2759,601.7855,-883.1765,989.6344,593.098,-889.67,966.4939,595.9049,-842.3447,991.3461,605.134,-857.4802,967.8806,606.2528,-809.9109,1013.1547,767.3324,-3.7982,927.0688,763.7107,3.9391,1121.7436,767.6932,-597.1078,822.0419,768.0107,-640.3574,1101.6721,929.9785,-343.2959,843.3754,928.4494,-370.3964,1084.6216,955.2744,-328.6198,859.1142,952.9103,-353.0707,1134.9843,982.2753,-561.1236,810.539,980.1057,-580.1726
59,976.7128,539.8946,-590.2597,986.1359,523.3193,-555.4429,991.5133,522.6185,-555.5075,995.7032,522.0476,-555.6634,968.1263,523.8663,-555.1445,961.9486,522.8225,-555.2054,957.2792,521.9518,-555.2023,1003.8988,521.8547,-345.5087,951.2874,523.3776,-340.9049,987.6384,551.1987,-510.4552,965.8875,552.344,-509.9397,1053.8568,599.4036,-236.6001,903.5755,593.0752,-234.4378,1078.0227,720.3429,-555.6716,862.8754,700.7786,-544.1047,997.9423,632.1063,-904.9309,963.1688,632.9647,-864.5074,988.3525,600.5465,-973.3953,968.917,600.9333,-930.9302,989.4398,593.4536,-927.434,966.2614,595.05,-889.2735,991.2761,605.1036,-893.8783,967.7002,605.0774,-855.4576,1013.1523,766.8075,-3.8005,927.0463,763.3865,3.9418,1121.5738,767.6908,-598.0641,821.7862,767.9031,-640.7655,1101.6887,929.7196,-342.796,843.3911,928.3519,-368.6158,1084.7139,955.0545,-328.1661,859.1543,952.7337,-351.1826,1135.1054,982.2035,-560.5265,810.3992,980.1088,-580.3383
60,976.941,516.756,-756.7089,986.4647,499.8071,-721.8208,991.7741,498.91,-721.9036,995.7991,498.198,-722.0777,968.6214,500.1342,-720.6004,962.3663,499.1748,-720.6853,957.486,498.2701,-720.6661,1003.9212,498.2182,-489.8226,951.2876,498.2796,-481.832,987.7536,530.6391,-667.7645,966.0411,531.9532,-666.0744,1054.1191,580.0162,-351.4665,903.1108,571.6415,-341.0131,1077.6707,694.4894,-695.5982,863.4696,675.9427,-673.1577,998.1787,607.0296,-1077.9139,962.9045,608.5164,-1034.6459,987.7132,573.4177,-1156.1565,975.0483,580.1698,-1110.6086,988.5696,566.1551,-1112.5928,967.4507,566.8475,-1065.4216,990.9753,578.3418,-1069.0671,968.0992,580.8487,-1024.4254,1012.9637,739.7067,-4.2724,925.6852,737.2199,4.4094,1119.8491,769.2277,-629.7044,821.2775,768.1138,-672.2502,1101.6875,929.6476,-341.0306,843.4325,928.2739,-366.5251,1084.7882,955.022,-325.4765,859.1886,952.7306,-348.6649,1135.1701,982.152,-568.6846,810.5438,980.0631,-593.5503
61,976.7801,511.1523,-608.4501,986.1974,494.755,-576.5771,991.5565,494.0005,-576.6708,995.6482,493.449,-576.8064,968.4579,494.5672,-572.8082,962.2618,493.3711,-572.8867,957.4712,492.3461,-572.881,1003.7989,494.348,-374.3756,951.2897,492.4946,-354.5013,987.6247,524.9446,-530.6245,966.0817,525.5509,-525.8245,1054.1128,574.137,-258.8547,903.1583,565.2403,-238.4368,1077.6036,687.7047,-548.1141,863.7205,670.4243,-523.0332,997.6728,599.8173,-880.4867,960.8898,605.132,-844.2983,986.4096,568.6461,-949.2848,974.0951,576.8935,-912.5412,986.7708,560.3428,-907.1085,967.3603,567.8975,-874.5368,989.2672,573.0388,-869.992,967.8186,578.9573,-836.1103,1012.268,736.1407,-4.6051,924.8568,733.1101,4.7526,1119.6713,770.1626,-564.6649,821.2588,768.1128,-619.4606,1101.6895,929.8034,-331.825,843.2783,928.1899,-357.2842,1084.789,957.1025,-319.8231,859.1322,952.5883,-341.7802,1135.6371,982.0806,-552.8228,810.2537,979.9983,-575.6606
62,976.4404,509.1642,-640.4078,985.68,493.2206,-607.15,991.1319,492.4983,-607.2138,995.3249,491.7725,-607.3615,968.0515,493.421,-604.6461,961.9131,492.5504,-604.7247,957.3164,491.8183,-604.7234,1003.4906,492.321,-401.8749,951.2932,492.4574,-387.8564,987.4663,521.8342,-562.4572,965.9612,522.3349,-559.117,1053.9559,571.0958,-292.5666,903.1269,564.3849,-275.7832,1076.9847,683.7758,-608.8827,863.1858,668.4388,-584.3543,996.8938,594.8315,-944.0929,960.7995,603.0769,-912.3068,985.7676,564.0581,-1015.5544,973.2077,572.7613,-983.5476,986.2305,556.9899,-971.0073,967.132,566.1724,-943.7074,988.2981,568.9204,-933.5042,967.5788,576.4289,-904.3774,1012.236,735.2696,-4.7568,924.4777,732.5784,4.8979,1119.6209,770.2416,-571.2505,821.2589,767.9237,-615.9539,1101.7742,929.7486,-316.4086,843.2789,928.0226,-340.0844,1084.8881,957.4288,-303.1676,859.1184,952.2034,-324.1803,1135.9117,981.93,-540.9919,810.0643,979.8599,-561.8472
63,976.38,509.4864,-689.2312,985.6786,493.4886,-653.6042,991.1235,492.6953,-653.6581,995.3189,492.0755,-653.8205,967.9879,493.8777,-651.7237,961.8197,492.7624,-651.8073,957.2422,491.8725,-651.8056,1003.4829,492.2588,-441.1456,951.2948,493.1551,-430.8665,987.4179,521.3403,-609.6709,965.9145,522.0028,-607.3919,1053.9425,571.5352,-335.203,903.0138,564.8387,-317.6131,1077.0086,685.9203,-674.4765,862.5752,669.5536,-653.9016,996.0879,595.6047,-1019.7586,960.8385,601.4824,-1000.0559,984.9134,564.1696,-1093.327,972.0393,570.6194,-1073.8343,985.4726,558.2138,-1045.9087,966.7751,564.8751,-1031.2847,987.6043,570.0838,-1008.7497,967.4162,575.0846,-991.8883,1012.2379,737.3513,-4.7513,924.4672,734.8898,4.8909,1119.7834,771.0772,-575.9877,821.2301,767.968,-622.7807,1101.6417,930.0571,-311.1069,843.2776,928.0328,-334.1765,1084.6936,958.1025,-296.6555,859.0117,952.0177,-317.6697,1135.991,981.8194,-539.8848,809.8601,979.3163,-560.7208
64,976.1272,428.102,-790.83,985.4519,413.3121,-756.9901,991.0069,412.3267,-757.0326,995.3162,411.1625,-757.2043,967.6765,412.5158,-753.6885,961.6237,411.7749,-753.7808,956.7645,410.6698,-753.765,1003.4347,409.7493,-537.1866,950.3005,410.7459,-521.6277,987.0308,441.4272,-708.096,964.9805,441.6581,-704.153,1052.7319,498.964,-417.8448,902.4673,491.7291,-392.8869,1077.1328,603.8891,-775.8922,863.2537,591.0117,-749.1601,995.8527,513.1866,-1128.6129,961.2825,520.1537,-1113.8292,984.8214,481.3485,-1206.0075,973.5853,486.0705,-1193.7954,985.1993,477.609,-1158.2834,967.6586,481.0655,-1145.878,987.1525,485.7641,-1118.3163,967.8235,491.4209,-1104.1005,1012.5292,675.0087,-4.8368,923.7445,669.5028,4.9302,1119.7588,769.5129,-516.4712,820.6472,766.271,-565.1306,1101.5326,930.703,-232.9177,843.2804,927.963,-253.9984,1084.3267,958.6988,-219.8736,858.9638,952.008,-237.7683,1136.5426,981.8266,-464.3528,809.8492,978.6527,-479.8837
65,976.018,424.526,-748.7183,985.3087,408.6663,-714.5566,990.8817,407.9232,-714.5843,995.1837,407.1805,-714.7367,967.4894,408.6254,-711.6623,961.3867,407.7484,-711.766,956.549,407.0525,-711.7474,1002.8757,408.1504,-490.9948,949.8936,407.9736,-475.6133,986.8678,439.4244,-663.525,964.6465,440.0716,-659.6453,1051.9994,492.6975,-366.6418,901.0456,486.8303,-348.4111,1077.1846,597.4229,-709.6116,863.2303,583.116,-694.5409,995.6672,512.3452,-1073.1315,960.0379,517.616,-1066.5599,982.3154,477.6386,-1151.4811,974.0553,483.6537,-1148.3466,982.3071,472.6473,-1110.3228,968.5319,476.4313,-1103.3383,984.953,481.8925,-1065.1834,967.9121,488.6659,-1057.7954,1013.1259,670.1485,-5.2953,923.6389,667.2714,5.3536,1119.613,769.5369,-507.9791,819.3062,765.6393,-552.8557,1101.5413,931.3339,-203.5441,843.1005,928.4641,-233.9414,1084.3285,958.6798,-188.5879,859.0895,952.4482,-216.7438,1136.9499,982.0806,-434.3313,808.8635,978.3987,-456.7077
66,975.4666,422.1051,-757.4888,984.6563,405.8806,-723.6152,990.4008,405.2822,-723.622,994.7943,404.9213,-723.7747,966.9028,405.183,-720.7483,960.7665,404.2092,-720.8736,956.1575,403.6636,-720.87,1002.3106,406.404,-501.5611,949.7782,405.7042,-485.9603,986.6024,436.6489,-672.8633,964.3801,436.5456,-668.9514,1051.6023,490.3465,-378.9793,901.0623,483.8632,-358.8235,1077.407,595.7728,-727.2767,863.7705,580.8487,-715.2945,995.85,513.4304,-1098.444,959.2949,516.2501,-1104.25,982.4548,480.5242,-1178.4637,973.1185,486.615,-1188.2684,982.4873,472.8075,-1139.6205,968.4034,478.2659,-1144.5681,985.0162,484.4929,-1091.5934,967.6497,488.8771,-1096.762,1013.6402,670.2877,-5.6866,923.4757,666.9951,5.707,1119.6216,769.56,-475.1819,818.5305,765.6737,-520.2041,1101.5553,931.3252,-136.5145,843.0999,928.3954,-172.0107,1084.362,958.3255,-117.8454,859.1456,952.4397,-151.5623,1136.9503,981.9025,-358.0937,808.9541,978.3718,-387.3789
67,974.9181,363.2078,-552.1123,984.091,346.8613,-519.4983,989.9435,346.6316,-519.5433,994.5845,346.4036,-519.6796,966.0479,345.704,-516.7734,960.0833,345.2512,-516.8484,955.4787,344.7785,-516.8147,1001.5747,347.9279,-309.8115,949.3809,347.669,-294.6587,986.3697,378.6713,-472.0561,963.8829,378.0286,-468.2051,1050.4601,435.9152,-209.5164,901.0851,428.7917,-185.4408,1077.4208,537.7739,-509.8149,864.7858,523.3879,-491.0508,995.8614,456.5911,-866.6166,958.8001,460.8547,-863.9271,982.3164,418.7683,-947.7036,972.9584,427.9352,-948.7383,982.5748,413.3267,-916.9352,968.3862,421.6406,-916.1326,985.0177,423.7256,-862.6762,967.504,431.8375,-860.6316,1013.6423,627.9731,-6.5983,923.4535,625.3139,6.6087,1113.7763,760.5492,-396.862,822.6072,759.2914,-454.3856,1101.5773,931.305,-104.0791,843.1013,928.3895,-135.6531,1084.0675,957.8162,-88.2455,859.099,952.5785,-116.2037,1136.9191,982.1592,-316.2867,808.9667,978.3235,-340.3386
68,975.0832,359.969,-617.9456,984.2665,343.3166,-583.8681,990.0854,342.6812,-583.9225,994.6073,342.1122,-584.0713,966.3279,343.6898,-581.9412,960.3212,342.8101,-582.0197,955.5261,342.3718,-582.0075,1001.5779,344.8653,-370.7566,949.3453,344.6604,-359.0937,986.3823,375.8309,-536.5601,963.9448,376.0965,-533.7032,1050.3837,432.2018,-257.968,900.4394,426.6177,-241.053,1077.2733,536.153,-573.2612,864.716,524.5654,-562.0497,995.8789,455.4201,-935.7672,957.6012,458.8283,-925.3337,981.5886,417.8359,-995.6169,973.1194,425.8367,-1034.47,981.8501,412.8567,-941.9198,968.8059,418.3198,-1003.4689,984.7064,424.6557,-923.0997,967.5081,431.2489,-929.311,1013.6736,624.8217,-7.3597,922.4082,621.6964,7.3335,1112.0986,759.686,-375.6675,823.915,758.6523,-426.9123,1101.7567,931.1219,-96.3013,842.9488,928.0586,-110.7548,1083.9027,957.7097,-83.1285,859.0977,953.2346,-92.5548,1136.9413,983.9016,-329.3567,808.271,978.818,-325.4048
69,974.8905,360.208,-645.323,984.1938,343.9226,-615.7176,989.9548,343.3588,-615.7024,994.4402,342.8913,-615.8799,966.2078,344.0622,-612.9556,960.1824,343.1173,-613.0776,955.1661,342.485,-613.0617,1001.24,344.4101,-393.5222,949.2892,345.4805,-376.8212,986.2859,373.8898,-557.1606,963.6814,374.0798,-552.7063,1050.1036,432.0028,-261.4383,900.4336,424.8281,-254.5286,1077.3051,535.0975,-585.8397,864.7198,523.945,-588.8627,995.9073,455.9189,-986.4293,957.6705,457.0556,-1012.6957,981.6816,420.6464,-1071.6075,971.7578,428.0739,-1106.94,981.9687,414.6402,-1037.8508,968.3462,420.5871,-1072.2118,984.7322,426.9466,-983.015,967.3153,430.7321,-1010.9288,1013.6253,624.8127,-7.5503,922.1437,621.4995,7.5127,1112.1633,760.0605,-374.1625,824.371,757.7269,-424.6753,1102.4952,930.8658,-75.4057,842.6891,926.7893,-94.6865,1083.9237,957.0105,-60.2649,859.0285,953.2041,-74.8889,1137.7188,983.9408,-308.7064,808.4968,978.7333,-309.788
70,974.7979,357.5897,-599.1174,984.1187,341.348,-565.8976,989.9264,340.5471,-565.9138,994.3729,339.9662,-566.0684,966.1444,341.2716,-564.6534,960.1356,340.3083,-564.7284,954.9117,339.5389,-564.7176,1001.1259,342.0873,-349.3947,949.0985,342.9104,-340.4045,986.2748,370.5032,-515.8944,963.667,370.0657,-513.8001,1050.0103,431.5635,-236.2118,899.5492,425.2235,-228.055,1077.4776,534.3531,-557.7662,864.6484,523.0221,-548.1617,994.7892,450.9445,-940.9722,957.6901,455.9983,-931.4639,980.9146,415.1788,-1024.9369,971.1551,425.8737,-1017.2459,981.6798,410.3833,-990.5303,968.0733,418.3768,-985.4748,984.4205,422.6594,-937.0913,967.2832,428.843,-928.9631,1013.4898,627.0186,-7.518,921.6219,623.4989,7.4739,1111.9948,760.0283,-378.2159,825.3488,757.1716,-435.0744,1103.1972,930.3356,-97.2148,842.4431,925.7217,-116.0574,1084.0954,956.1204,-83.6675,858.9524,952.809,-96.8362,1138.1925,984.0037,-329.08,808.8298,978.4207,-327.4369
71,975.3639,293.5654,-444.2061,984.8867,276.7394,-411.3766,990.5576,276.3856,-411.4463,994.7787,276.1082,-411.5822,966.4742,277.0985,-410.3134,960.2894,276.6641,-410.3424,954.9172,276.2631,-410.301,1001.1314,278.2824,-197.2239,949.0924,280.2918,-190.0886,986.88,308.4706,-361.8683,964.0441,308.8065,-360.2059,1049.5865,369.0581,-95.742,899.3421,363.2419,-92.2871,1077.3157,472.2648,-378.7608,865.062,462.1924,-379.0374,994.8205,389.1033,-736.8006,957.7048,393.0558,-726.6269,981.0501,351.571,-820.4996,971.1698,361.6857,-808.1586,981.8072,347.064,-791.7491,968.1155,355.8261,-780.2082,984.357,357.2804,-734.8143,967.2772,365.0587,-724.1709,1013.2403,580.1489,-7.3564,921.6471,579.1512,7.323,1098.2454,749.2241,-293.8147,839.3187,750.1746,-303.0109,1103.5502,929.4423,-56.121,841.0876,925.4106,-45.9503,1085.2832,955.833,-44.6015,856.2913,952.8114,-32.1939,1138.2192,983.4389,-277.2646,809.6756,978.1325,-261.2276
72,975.3315,287.0296,-341.7104,984.8719,270.3895,-311.0225,990.5545,270.0051,-311.1049,994.7758,269.8109,-311.2332,966.4762,269.9567,-309.8385,960.2961,269.3898,-309.859,954.8545,269.0189,-309.8517,1001.113,273.6014,-102.3048,948.9429,272.2336,-94.3728,986.8101,302.8157,-259.962,964.0335,303.5242,-258.155,1049.6078,360.4463,6.6473,898.714,356.5634,-1.8289,1077.3241,469.2146,-248.4732,865.1569,456.116,-261.9464,995.0132,388.1594,-594.2504,957.7491,389.2702,-595.2067,980.836,352.3791,-672.1967,972.1659,360.6751,-672.6514,981.6154,345.8844,-645.8045,968.9059,350.8761,-646.0512,984.4311,358.3347,-592.2754,967.5973,362.8916,-591.9597,1012.8363,575.0678,-8.0566,921.5731,571.878,8.1094,1094.7411,745.0794,-247.0982,843.3346,745.9528,-282.3728,1103.4346,928.6789,-69.363,840.8637,927.0367,-59.767,1084.0825,956.2184,-63.1034,855.9352,956.4644,-49.0229,1138.8178,983.4891,-290.4339,809.6875,978.0698,-265.3156
73,975.1944,287.3454,-310.3121,984.8148,270.3299,-277.5649,990.5413,269.6116,-277.6338,994.7602,269.2162,-277.7519,966.4175,270.603,-276.1144,960.2919,270.0796,-276.1317,954.6899,269.7669,-276.1193,1001.0992,272.2635,-72.9336,948.5743,273.1141,-64.5701,986.8021,300.8582,-231.5519,964.0137,301.6446,-229.6088,1049.7536,362.5029,20.4654,898.7458,354.9892,14.5939,1077.1794,469.0775,-233.0067,865.0277,458.742,-242.3193,994.4495,384.5601,-549.6244,958.1021,389.4752,-552.3023,979.0615,348.829,-623.7094,972.1981,363.548,-626.078,980.3859,343.1709,-593.1729,969.1691,354.9611,-598.3697,983.5931,354.4811,-545.4715,967.9002,363.945,-548.4135,1012.4499,574.6362,-8.1024,920.9088,572.8001,8.1654,1094.1315,743.2958,-258.4668,845.2537,745.9389,-289.4064,1103.9012,927.8624,-73.7023,840.8586,926.9149,-57.6558,1084.0359,956.2588,-66.744,855.834,956.3243,-45.6852,1138.9697,983.3247,-292.6957,809.8549,978.072,-258.7167
74,974.2403,287.7595,-240.999,983.8355,271.3275,-207.2542,989.5327,270.2598,-207.3206,994.0984,269.5,-207.4329,965.9911,272.929,-204.9207,960.1812,272.6658,-204.931,954.5535,272.4742,-204.9084,1000.2212,271.5305,-7.5952,948.3663,273.9147,4.4397,986.2455,299.4615,-165.059,963.5987,301.1236,-162.0868,1049.7588,362.8574,74.4826,898.7731,353.9994,72.2135,1077.0418,468.958,-167.7712,865.0625,457.0068,-175.6817,993.8208,383.0654,-461.8093,959.045,387.4517,-472.2228,978.4807,349.0998,-531.4263,972.2215,363.1243,-542.814,979.8285,345.1608,-500.4198,969.336,355.1964,-515.191,983.1429,355.1941,-456.7081,968.1052,363.2758,-468.1146,1012.2654,574.1926,-8.4722,920.7735,572.9276,8.5568,1093.8935,743.1986,-268.124,845.8066,745.2949,-283.2647,1104.254,927.2716,-82.6274,840.9226,926.8162,-57.3977,1084.161,956.2636,-74.9024,855.8731,956.2137,-45.5243,1139.0216,983.2809,-297.3195,810.0417,978.3353,-253.5582
75,974.1383,247.6297,-188.9833,983.6525,231.2971,-156.065,989.4295,230.8291,-156.1401,994.0852,230.5855,-156.2329,965.8201,231.1083,-158.9477,959.938,230.71,-158.9543,954.0695,230.5597,-158.9551,1000.1616,233.5538,56.6601,947.8234,232.7906,47.4814,986.1633,263.1957,-105.3873,963.4709,264.27,-108.7046,1049.6827,323.378,161.4775,898.1737,317.4464,110.2767,1077.6855,429.3425,-79.1505,865.0876,413.7065,-124.3304,994.4355,347.0189,-398.0477,960.4802,348.5459,-401.9183,978.5939,310.1463,-473.7249,976.354,322.1787,-472.9734,979.8295,304.7832,-446.185,972.0444,310.4378,-453.3235,983.2063,316.6921,-395.9341,970.2639,321.0294,-399.55,1012.2635,547.1703,-2.9876,920.7861,545.2711,3.2134,1077.7055,739.1335,-116.0431,862.519,739.4475,-160.599,1104.4096,926.4789,36.6955,840.7972,926.4607,25.6956,1085.8937,956.2651,39.319,853.7121,956.1228,31.9534,1137.4561,983.266,-201.5745,812.9041,977.76,-199.6253
76,974.0961,243.8631,-161.8369,983.5798,227.0272,-128.0184,989.4007,226.3775,-128.0756,994.0708,225.9649,-128.1626,965.7947,227.0401,-129.4584,959.9266,226.4973,-129.4545,954.0237,226.2501,-129.4533,1000.1674,229.8664,81.2724,947.6532,229.7406,78.4692,986.2604,258.1263,-80.341,963.487,258.7769,-81.8526,1050.4072,322.6566,169.9912,898.2056,311.3581,129.9235,1077.6979,429.87,-83.072,865.1669,409.4424,-109.6958,994.4512,342.873,-389.8773,960.6032,342.4032,-377.0931,978.7158,306.0671,-464.9851,976.3766,316.8945,-448.4714,979.8677,300.8702,-435.9658,973.0315,309.2768,-426.0999,983.2498,312.0377,-386.9211,970.9072,317.6165,-374.1658,1011.9343,543.5981,-1.869,919.616,542.5432,2.1244,1074.3119,735.6849,-105.1233,867.3973,738.3159,-137.7529,1104.4684,925.985,52.9053,841.2174,926.7854,47.9228,1087.0971,956.2522,55.9196,853.8447,957.3462,53.7315,1136.5822,983.485,-191.8127,814.6884,978.6065,-184.6729
77,972.9904,244.6062,-130.609,982.8445,228.1435,-96.6989,988.7212,227.4187,-96.7366,993.7555,226.8908,-96.8031,965.2306,228.3411,-95.1348,959.6556,227.8172,-95.1321,953.706,227.6416,-95.1235,999.9568,229.2039,102.6704,947.1154,229.0156,112.7902,985.2061,257.8492,-53.9179,962.668,259.739,-51.6833,1050.413,324.5322,170.1372,898.198,310.4343,157.7681,1076.9104,427.0516,-94.6319,865.2509,411.0156,-81.971,993.0319,337.82,-389.1078,960.6492,343.2222,-348.9319,977.4869,302.1616,-462.4145,976.254,320.7067,-420.0032,979.2144,299.3584,-434.1443,972.9888,312.9772,-397.1303,982.5986,309.0737,-386.2056,970.9193,320.2191,-346.5332,1011.752,545.1988,-2.3616,919.3596,543.8231,2.6426,1073.8489,736.1701,-104.0894,868.7251,738.4619,-127.8885,1104.4953,925.9055,61.9872,841.9643,926.6529,66.255,1087.4523,956.2535,65.769,853.9499,957.3059,72.6495,1134.7326,983.481,-180.8794,815.626,978.566,-162.7419
78,971.8064,244.5253,-134.8043,982.1289,228.6284,-101.4612,987.9634,227.881,-101.4983,993.3666,227.495,-101.5677,964.562,228.6487,-99.3812,959.1979,227.9449,-99.3738,953.1556,227.5628,-99.361,999.7993,229.5443,96.4898,946.6147,228.7479,108.6081,984.0176,258.7633,-58.6424,961.6492,260.07,-55.7904,1050.401,325.1752,165.1187,898.2013,309.7145,152.8731,1076.7326,427.4489,-97.6461,865.249,410.8367,-85.4338,992.2935,338.64,-391.469,961.1692,342.9543,-349.3012,977.3429,304.1611,-465.1153,976.2706,321.3979,-420.2913,978.9432,301.4326,-436.8828,973.6015,313.3236,-397.2061,982.2307,310.568,-388.6655,971.3845,320.3948,-346.7272,1011.6496,545.175,-2.5464,919.1618,543.977,2.8099,1073.9224,736.5678,-93.2747,868.9796,738.9725,-117.7088,1104.5,925.8383,78.2204,842.8919,926.6077,82.9299,1087.5498,956.2532,82.8284,854.8269,957.3131,90.204,1134.4707,983.478,-161.2803,816.2918,978.5744,-144.7819
79,971.4544,239.3003,-123.7675,981.7546,222.9843,-91.4768,987.6873,221.9625,-91.5165,993.2197,221.3236,-91.5786,964.2118,223.3826,-88.6581,958.9918,222.8688,-88.6541,952.8817,222.639,-88.6461,999.7465,223.4911,102.5332,946.347,223.6963,119.0886,983.8573,252.411,-48.364,961.3982,254.5933,-44.4104,1050.5991,317.1497,162.4303,898.2112,304.4185,156.3363,1076.9553,420.6058,-107.3851,865.1495,402.846,-94.4431,990.6545,331.9769,-389.0879,961.8933,335.0916,-357.3135,975.054,298.9162,-459.9312,976.5128,311.5526,-429.0381,977.5841,295.9008,-431.0463,974.143,303.9471,-401.9063,980.9945,304.3395,-385.3427,971.8695,310.9179,-353.4875,1011.6591,543.0659,-2.8405,919.1209,542.3127,3.1014,1070.3283,737.6678,-56.2283,874.7506,739.552,-73.3782,1104.498,925.7531,130.0266,843.8603,926.1785,131.9741,1088.6541,956.0348,136.4651,855.1104,956.7163,139.8568,1131.9432,983.5356,-108.9058,816.7501,978.4893,-98.283
80,971.4445,237.6947,-129.2742,981.73,221.2571,-96.2699,987.6918,220.3529,-96.3095,993.2158,219.7596,-96.3755,964.1884,221.5476,-94.6209,958.9851,221.0654,-94.6142,952.8791,220.8925,-94.6084,999.7445,222.0865,100.6726,946.1717,222.1544,111.5813,983.8212,250.7582,-52.8334,961.3608,252.9224,-50.4807,1050.6442,316.5764,163.6643,898.2222,302.4733,151.2751,1077.0137,419.6448,-104.8341,864.8272,402.2893,-95.7157,990.3432,329.5726,-392.8459,962.2942,334.5604,-354.8195,974.7808,296.1481,-464.8524,976.5361,312.0048,-426.1405,977.3373,293.3506,-435.5996,974.3927,303.9115,-399.6253,980.7438,301.6913,-389.2786,972.1503,310.7555,-350.9546,1011.682,542.7248,-2.9586,919.1224,541.7048,3.2096,1069.0816,738.3761,-56.1653,876.5485,739.7604,-78.0442,1104.507,925.6786,131.7528,844.3793,925.9905,130.2937,1089.4038,955.9105,138.3229,855.2533,956.5049,138.4062,1130.745,983.5473,-106.917,817.1726,978.4785,-100.2389
81,970.792,237.0731,-115.6525,981.314,220.9097,-82.5688,987.227,220.2095,-82.6029,992.9717,219.7107,-82.6656,963.74,221.0255,-80.4798,958.6065,220.4917,-80.476,952.4596,220.2804,-80.4749,999.6491,221.887,112.2166,945.9743,221.6451,125.1887,983.2646,250.4697,-40.2254,960.9135,252.2768,-37.2836,1050.649,316.5915,171.7474,898.2214,302.3522,159.7469,1077.1161,418.9521,-99.3665,864.8291,401.9046,-87.663,990.0718,328.1799,-384.0407,962.7267,333.4013,-342.9248,974.7085,294.3305,-455.5043,976.6769,310.4285,-413.609,977.1759,291.6837,-425.8473,974.7367,302.7214,-387.1769,980.58,300.519,-380.3053,972.4829,309.8834,-339.129,1011.7085,542.5091,-3.0575,919.1227,541.3397,3.299,1068.7063,738.8302,-60.6307,877.0569,739.9072,-80.4606,1104.5116,925.6723,124.6976,844.7151,925.964,124.4243,1089.6611,955.9075,131.013,855.3881,956.4697,132.1493,1130.2695,983.5464,-114.4109,817.3254,978.5203,-107.0868
82,970.3055,237.2533,-112.3066,981.0341,221.4378,-79.2919,986.9109,220.7088,-79.3261,992.8001,220.3179,-79.3892,963.4068,221.3893,-77.0744,958.3166,220.6481,-77.0716,952.1338,220.2448,-77.0714,999.5897,222.3789,115.2743,945.7794,221.464,128.8706,982.7478,251.302,-36.934,960.4571,252.8608,-33.8133,1050.6402,316.8186,174.3528,898.2075,302.3761,163.1063,1077.1972,418.3575,-97.513,864.896,402.2744,-85.0065,989.9014,328.3907,-381.7213,962.8348,332.9579,-340.7067,974.6769,294.3174,-453.1991,976.6426,309.1775,-411.4119,977.0439,291.8113,-423.3207,974.732,301.4668,-385.2257,980.4827,300.7628,-377.9326,972.5196,308.8571,-337.0698,1011.7311,542.2932,-3.1319,919.0899,540.9485,3.3672,1068.6077,739.099,-62.3613,877.1808,739.9451,-80.7876,1104.5251,925.6688,121.8297,844.9319,925.9332,122.7698,1089.921,955.9049,128.0468,855.467,956.4417,130.3882,1129.963,983.5472,-117.7361,817.4277,978.5446,-108.9647
83,970.3141,235.6752,-103.2238,981.0637,219.4872,-69.7088,986.9642,218.6851,-69.7416,992.8096,218.2218,-69.8044,963.5164,219.5486,-68.3937,958.4513,218.8403,-68.3932,952.4905,218.4436,-68.3964,999.5884,220.2255,125.4291,945.8747,219.4609,134.5729,982.7596,248.7554,-27.6746,960.4701,250.1789,-25.8564,1050.6575,314.9768,185.5178,898.4307,300.176,167.8354,1077.4794,417.3773,-84.7711,864.8919,400.8131,-74.4672,989.9471,326.9535,-369.7866,963.2434,332.6297,-324.3068,974.7513,291.9489,-440.7847,976.8135,309.9629,-393.2868,977.0605,289.0329,-410.6956,975.1297,301.9789,-367.9141,980.5078,298.272,-365.8347,972.9864,309.0052,-320.5487,1011.7478,541.2134,-2.407,919.1461,539.9457,2.6257,1066.9937,739.1176,-56.8241,880.4928,739.7461,-76.4017,1104.5294,925.6891,125.9198,845.1128,925.913,121.5652,1089.9986,955.9836,131.834,855.5095,956.3308,128.1865,1129.9737,983.5419,-111.6889,817.4699,978.535,-113.733
84,970.3154,235.1089,-99.2384,981.0677,219.171,-65.6839,986.9702,218.3078,-65.7148,992.8087,217.8802,-65.779,963.5281,219.3696,-64.4445,958.4821,218.6568,-64.4444,952.6105,218.138,-64.4503,999.5913,219.7954,129.8892,945.9616,219.182,138.5609,982.7387,248.4123,-23.495,960.4715,249.9418,-21.8276,1050.6691,314.6458,190.4188,898.6621,299.7426,170.3204,1077.9612,416.97,-81.8483,865.0071,399.9876,-75.001,989.9991,326.445,-367.4122,963.6319,331.9951,-326.9519,974.8138,292.0406,-438.725,976.8571,309.1263,-396.1239,977.0591,289.1525,-408.1897,975.2418,301.246,-371.0597,980.5297,298.1205,-363.3395,973.1727,308.3237,-323.3973,1011.7823,540.7019,-1.6083,919.1915,539.2768,1.8129,1066.4088,739.0131,-58.2791,881.4655,739.6771,-76.1618,1104.5552,925.7781,122.4441,845.1971,926.0321,117.459,1090.0036,956.1159,128.1053,855.5451,956.3522,123.58,1130.0593,983.5145,-116.3079,817.4974,978.7928,-119.8411
85,970.3423,234.2269,-89.8635,981.0921,218.6825,-55.3179,987.0162,217.8188,-55.3517,992.8283,217.4208,-55.4195,963.5869,219.0683,-54.4456,958.5365,218.4692,-54.4448,952.7452,217.9823,-54.4484,999.5921,219.6675,141.0863,945.9745,219.2794,148.0179,982.7549,247.837,-14.1966,960.4853,249.4608,-13.0064,1050.6727,314.652,198.8743,898.7227,300.8452,175.7099,1078.344,416.229,-71.9641,865.0113,399.9648,-69.6672,990.0372,325.938,-352.2738,963.9196,330.9668,-316.2557,974.8367,291.0481,-423.0596,976.9727,307.2466,-384.7408,977.0233,288.3239,-392.5356,975.4055,299.4909,-359.666,980.4993,297.3132,-348.2618,973.3016,306.8348,-312.6396,1011.8037,540.405,-0.4355,919.1967,538.9561,0.6308,1066.1254,738.8785,-59.022,881.8943,739.6991,-76.85,1104.6659,925.8833,121.0049,845.3187,926.1115,115.2565,1090.0756,956.3152,126.5757,855.587,956.3728,121.1186,1130.7857,983.4803,-116.9176,817.6143,978.9944,-123.1046
86,971.6199,234.1395,-77.155,981.8766,218.7988,-40.9593,987.9334,217.9684,-40.9873,993.1894,217.5277,-41.0473,964.7503,219.2497,-42.3253,959.2384,218.6665,-42.3267,953.8873,218.2817,-42.3359,999.9009,219.6659,158.0752,946.3415,219.4387,154.8938,983.8916,247.9957,-0.8736,961.6561,249.1702,-2.5776,1050.7871,314.7763,217.3272,898.8954,300.8481,178.7822,1078.3331,416.9953,-53.5731,865.2716,400.1155,-51.5736,990.4302,325.1493,-341.8509,964.935,330.3821,-273.5742,975.8107,287.6648,-413.5619,977.2928,306.6407,-338.9195,977.924,284.5217,-382.8313,975.6236,298.4915,-316.0397,981.1923,294.4367,-338.4454,973.6125,305.7165,-269.9174,1011.9771,540.4988,3.0802,919.5523,538.879,-2.9004,1064.8413,738.9157,-50.7232,883.8041,739.7178,-73.9364,1104.8217,925.8791,129.2113,845.3919,926.2026,113.9456,1090.4678,956.3114,134.5606,855.5993,956.3802,119.3013,1130.9829,983.3027,-108.8807,817.9317,979.0808,-126.8032
87,972.3558,234.5327,-76.718,982.3454,219.5951,-41.0226,988.4949,218.7524,-41.0486,993.4171,218.2094,-41.1073,965.4364,220.0103,-42.0283,959.6606,219.3764,-42.029,954.5802,218.9876,-42.0384,1000.1094,220.0379,156.9529,946.5905,219.7992,155.1553,984.5182,248.5993,-0.7123,962.2795,249.5226,-2.0101,1050.8424,314.7941,217.2309,898.9855,300.831,181.4309,1078.3332,417.2357,-52.5151,865.4248,400.2655,-45.2531,990.7402,325.8146,-342.3279,965.3676,331.1216,-268.684,976.5257,288.5074,-414.2143,977.3991,308.0021,-333.9143,978.4728,285.3567,-383.6361,975.7413,299.8058,-311.2936,981.6587,295.1584,-338.9364,973.7796,306.8972,-265.0424,1012.1205,540.362,4.0645,919.8554,538.7094,-3.8955,1064.1844,738.931,-49.8006,884.5707,739.75,-71.9665,1104.9427,925.8737,130.1159,845.4523,926.2666,115.0803,1090.7837,956.3014,135.5196,855.6074,956.3787,120.3087,1131.0986,983.167,-107.6163,818.1611,979.1381,-126.4102
